,rank,movie_name,movie_url,movie_year,genre,director_name,rating,cast_and_crew
0,1.0,The Shawshank Redemption,https://www.imdb.com/title/tt0111161/,1994,Drama,Frank Darabont,9.3,"['Tim Robbins' 'Morgan Freeman' 'Bob Gunton' 'William Sadler'
 'Clancy Brown' 'Gil Bellows' 'Mark Rolston' 'James Whitmore'
 'Jeffrey DeMunn' 'Larry Brandenburg' 'Neil Giuntoli' 'Brian Libby'
 'David Proval' 'Joseph Ragno' 'Jude Ciccolella' 'Paul McCrane'
 'Renee Blaine' 'Scott Mann']"
1,2.0,The Godfather,https://www.imdb.com/title/tt0068646/,1972,Crime,Francis Ford Coppola,9.2,"['Marlon Brando' 'Al Pacino' 'James Caan' 'Diane Keaton'
 'Richard S. Castellano' 'Robert Duvall' 'Sterling Hayden' 'John Marley'
 'Richard Conte' 'Al Lettieri' 'Abe Vigoda' 'Talia Shire' 'Gianni Russo'
 'John Cazale' 'Rudy Bond' 'Al Martino' 'Morgana King' 'Lenny Montana']"
2,3.0,The Dark Knight,https://www.imdb.com/title/tt0468569/,2008,Action,Christopher Nolan,9.0,"['Christian Bale' 'Heath Ledger' 'Aaron Eckhart' 'Michael Caine'
 'Maggie Gyllenhaal' 'Gary Oldman' 'Morgan Freeman'
 'Monique Gabriela Curnen' 'Ron Dean' 'Cillian Murphy' 'Chin Han'
 'Nestor Carbonell' 'Eric Roberts' 'Ritchie Coster' 'Anthony Michael Hall'
 'Keith Szarabajka' 'Colin McFarlane' 'Joshua Harto']"
3,4.0,The Godfather: Part II,https://www.imdb.com/title/tt0071562/,1974,Crime,Francis Ford Coppola,9.0,"['Al Pacino' 'Robert De Niro' 'Robert Duvall' 'Diane Keaton' 'John Cazale'
 'Talia Shire' 'Lee Strasberg' 'Michael V. Gazzo' 'G.D. Spradlin'
 'Richard Bright' 'Gastone Moschin' 'Tom Rosqui' 'Bruno Kirby'
 'Frank Sivero' 'Francesca De Sapio' 'Morgana King' 'Marianna Hill'
 'Leopoldo Trieste']"
4,5.0,12 Angry Men,https://www.imdb.com/title/tt0050083/,1957,Crime,Sidney Lumet,9.0,"['Henry Fonda' 'Lee J. Cobb' 'Martin Balsam' 'John Fiedler'
 'E.G. Marshall' 'Jack Klugman' 'Edward Binns' 'Jack Warden'
 'Joseph Sweeney' 'Ed Begley' 'George Voskovec' 'Robert Webber'
 'Rudy Bond' 'Tom Gorman' 'James Kelly' 'Billy Nelson' 'John Savoca'
 'Walter Stocker']"
5,6.0,Schindler's List,https://www.imdb.com/title/tt0108052/,1993,Biography,Steven Spielberg,9.0,"['Liam Neeson' 'Ralph Fiennes' 'Ben Kingsley' 'Caroline Goodall'
 'Jonathan Sagall' 'Embeth Davidtz' 'Malgorzata Gebel' 'Shmuel Levy'
 'Mark Ivanir' 'Beatrice Macola' 'Andrzej Seweryn' 'Friedrich von Thun'
 'Krzysztof Luft' 'Harry Nehring' 'Norbert Weisser' 'Adi Nitzan'
 'Michael Schneider' 'Miri Fabian']"
6,7.0,The Lord of the Rings: The Return of the King,https://www.imdb.com/title/tt0167260/,2003,Action,Peter Jackson,9.0,"['Elijah Wood' 'Viggo Mortensen' 'Ian McKellen' 'Orlando Bloom'
 'Noel Appleby' 'Ali Astin' 'Sean Astin' 'David Aston' 'John Bach'
 'Sean Bean' 'Cate Blanchett' 'Billy Boyd' 'Sadwyn Brophy'
 'Alistair Browning' 'Marton Csokas' 'Richard Edge' 'Jason Fitch'
 'Bernard Hill']"
7,8.0,Pulp Fiction,https://www.imdb.com/title/tt0110912/,1994,Crime,Quentin Tarantino,8.9,"['John Travolta' 'Uma Thurman' 'Samuel L. Jackson' 'Bruce Willis'
 'Tim Roth' 'Amanda Plummer' 'Laura Lovelace' 'Phil LaMarr' 'Frank Whaley'
 'Burr Steers' 'Ving Rhames' 'Paul Calderon' 'Bronagh Gallagher'
 'Rosanna Arquette' 'Eric Stoltz' 'Jerome Patrick Hoban' 'Michael Gilden'
 'Gary Shorelle']"
8,9.0,The Lord of the Rings: The Fellowship of the Ring,https://www.imdb.com/title/tt0120737/,2001,Action,Peter Jackson,8.8,"['Elijah Wood' 'Ian McKellen' 'Orlando Bloom' 'Sean Bean' 'Alan Howard'
 'Noel Appleby' 'Sean Astin' 'Sala Baker' 'Billy Boyd' 'Andy Serkis'
 'Marton Csokas' 'Viggo Mortensen' 'Megan Edwards' 'Michael Elsworth'
 'Cate Blanchett' 'Mark Ferguson' 'Ian Holm' 'Christopher Lee']"
9,10.0,"Il Buono, Il Brutto, Il Cattivo",https://www.imdb.com/title/tt0060196/,1966,Adventure,Sergio Leone,8.8,"['Clint Eastwood' 'Eli Wallach' 'Lee Van Cleef' 'Aldo Giuffre'
 'Luigi Pistilli' 'Rada Rassimov' 'Enzo Petito' 'Claudio Scarchilli'
 'John Bartha' 'Livio Lorenzon' 'Antonio Casale' 'Sandro Scarchilli'
 'Benito Stefanelli' 'Angelo Novi' 'Antonio Casas' 'Aldo Sambrell'
 'Al Mulock' 'Sergio Mendizabal']"
10,11.0,Forrest Gump,https://www.imdb.com/title/tt0109830/,1994,Drama,Robert Zemeckis,8.8,"['Tom Hanks' 'Robin Wright' 'Gary Sinise' 'Sally Field' 'Rebecca Williams'
 'Michael Conner Humphreys' 'Harold G. Herthum' 'George Kelly' 'Bob Penny'
 'John Randall' 'Sam Anderson' 'Margo Moorer' 'Ione M. Telech'
 'Christine Seabrook' 'John Worsham' 'Peter Dobson' 'Siobhan Fallon Hogan'
 'Alexander Zemeckis']"
11,12.0,Fight Club,https://www.imdb.com/title/tt0137523/,1999,Drama,David Fincher,8.8,"['Brad Pitt' 'Edward Norton' 'Meat Loaf' 'Zach Grenier'
 'Richmond Arquette' 'David Andrews' 'George Maguire' 'Eugenie Bondurant'
 'Christina Cabot' 'Helena Bonham Carter' ""Sydney 'Big Dawg' Colston""
 'Rachel Singer' 'Christie Cronenweth' 'Tim DeZarn' 'Ezra Buzzington'
 'Dierdre Downing-Jackson' 'Bob Stephenson' 'Charlie Dell']"
12,13.0,The Lord of the Rings: The Two Towers,https://www.imdb.com/title/tt0167261/,2002,Action,Peter Jackson,8.8,"['Elijah Wood' 'Ian McKellen' 'Viggo Mortensen' 'Orlando Bloom'
 'Bruce Allpress' 'Sean Astin' 'John Bach' 'Sala Baker' 'Cate Blanchett'
 'Billy Boyd' 'Jed Brophy' 'Sam Comery' 'Brad Dourif' 'Calum Gittins'
 'Bernard Hill' 'Bruce Hopkins' 'Paris Howe Strewe' 'Christopher Lee']"
13,14.0,Inception,https://www.imdb.com/title/tt1375666/,2010,Action,Christopher Nolan,8.8,"['Leonardo DiCaprio' 'Joseph Gordon-Levitt' 'Elliot Page' 'Ken Watanabe'
 'Tom Hardy' 'Dileep Rao' 'Cillian Murphy' 'Tom Berenger'
 'Marion Cotillard' 'Pete Postlethwaite' 'Michael Caine' 'Lukas Haas'
 'Tai-Li Lee' 'Claire Geare' 'Magnus Nolan' 'Taylor Geare'
 'Johnathan Geare' 'Tohoru Masamune']"
14,15.0,Star Wars: Episode V - The Empire Strikes Back,https://www.imdb.com/title/tt0080684/,1980,Action,Irvin Kershner,8.7,"['Mark Hamill' 'Harrison Ford' 'Carrie Fisher' 'Billy Dee Williams'
 'Anthony Daniels' 'David Prowse' 'Peter Mayhew' 'Kenny Baker' 'Frank Oz'
 'Alec Guinness' 'Jeremy Bulloch' 'John Hollis' 'Jack Purvis' 'Des Webb'
 'Clive Revill' 'Kenneth Colley' 'Julian Glover' 'Michael Sheard']"
15,16.0,The Matrix,https://www.imdb.com/title/tt0133093/,1999,Action,Lana Wachowski,8.7,"['Keanu Reeves' 'Laurence Fishburne' 'Carrie-Anne Moss' 'Hugo Weaving'
 'Gloria Foster' 'Joe Pantoliano' 'Marcus Chong' 'Julian Arahanga'
 'Matt Doran' 'Belinda McClory' 'Anthony Ray Parker' 'Paul Goddard'
 'Robert Taylor' 'David Aston' 'Marc Aden Gray' 'Ada Nicodemou'
 'Deni Gordon' 'Rowan Witt']"
16,17.0,GoodFellas,https://www.imdb.com/title/tt0099685/,1990,Biography,Martin Scorsese,8.7,"['Robert De Niro' 'Ray Liotta' 'Joe Pesci' 'Lorraine Bracco'
 'Paul Sorvino' 'Frank Sivero' 'Tony Darrow' 'Mike Starr' 'Frank Vincent'
 'Chuck Low' 'Frank DiLeo' 'Henny Youngman' 'Gina Mastrogiacomo'
 'Catherine Scorsese' 'Charles Scorsese' 'Suzanne Shepherd' 'Debi Mazar'
 'Margo Winkler']"
17,18.0,One Flew Over the Cuckoo's Nest,https://www.imdb.com/title/tt0073486/,1975,Drama,Milos Forman,8.7,"['Jack Nicholson' 'Louise Fletcher' 'Michael Berryman' 'Peter Brocco'
 'Dean R. Brooks' 'Alonzo Brown' 'Scatman Crothers' 'Mwako Cumbuka'
 'Danny DeVito' 'William Duell' 'Josip Elic' 'Lan Fendors' 'Nathan George'
 'Ken Kenny' 'Mel Lambert' 'Sydney Lassick' 'Kay Lee' 'Christopher Lloyd']"
18,19.0,Se7en,https://www.imdb.com/title/tt0114369/,1995,Crime,David Fincher,8.6,"['Morgan Freeman' 'Brad Pitt' 'Kevin Spacey' 'Andrew Kevin Walker'
 'Daniel Zacapa' 'Gwyneth Paltrow' 'John Cassini' 'Bob Mack'
 'Peter Crombie' 'Reg E. Cathey' 'R. Lee Ermey' 'George Christy'
 'Endre Hules' 'Hawthorne James' 'William Davidson' 'Bob Collins'
 'Jimmy Dale Hartsell' 'Richard Roundtree']"
19,20.0,Shichinin No Samurai,https://www.imdb.com/title/tt0047478/,1954,Action,Akira Kurosawa,8.6,"['Toshiro Mifune' 'Takashi Shimura' 'Keiko Tsushima' 'Yukiko Shimazaki'
 'Kamatari Fujiwara' 'Daisuke Kato' 'Isao Kimura' 'Minoru Chiaki'
 'Seiji Miyaguchi' 'Yoshio Kosugi' 'Bokuzen Hidari' 'Yoshio Inaba'
 'Yoshio Tsuchiya' 'Kokuten Kodo' 'Eijiro Tono' 'Kichijiro Ueda'
 'Jun Tatara' 'Atsushi Watanabe']"
20,21.0,It's a Wonderful Life,https://www.imdb.com/title/tt0038650/,1946,Drama,Frank Capra,8.6,"['James Stewart' 'Donna Reed' 'Lionel Barrymore' 'Thomas Mitchell'
 'Henry Travers' 'Beulah Bondi' 'Frank Faylen' 'Ward Bond'
 'Gloria Grahame' 'H.B. Warner' 'Frank Albertson' 'Todd Karns'
 'Samuel S. Hinds' 'Mary Treen' 'Virginia Patton' 'Charles Williams'
 'Sarah Edwards' 'William Edmunds']"
21,22.0,The Silence of the Lambs,https://www.imdb.com/title/tt0102926/,1991,Crime,Jonathan Demme,8.6,"['Jodie Foster' 'Anthony Hopkins' 'Lawrence A. Bonney' 'Kasi Lemmons'
 'Lawrence T. Wrentz' 'Scott Glenn' 'Anthony Heald' 'Frankie Faison'
 'Don Brockett' 'Frank Seals Jr.' 'Stuart Rudin' 'Maria Skorobogatov'
 'Jeffrie Lane' 'Leib Lensky' ""George 'Red' Schwartz"" 'Jim Roche'
 'Brooke Smith' 'Ted Levine']"
22,23.0,City of God,https://www.imdb.com/title/tt0317248/,2002,Crime,Fernando Meirelles,8.6,"['Alexandre Rodrigues' 'Leandro Firmino' 'Matheus Nachtergaele'
 'Phellipe Haagensen' 'Douglas Silva' 'Jonathan Haagensen' 'Seu Jorge'
 'Jefechander Suplino' 'Alice Braga' 'Emerson Gomes' 'Edson Oliveira'
 'Michel Gomes' 'Roberta Rodrigues' 'Luis Otavio' 'Kiko Marques'
 'Gustavo Engracia' 'Darlan Cunha' 'Robson Rocha']"
23,24.0,Saving Private Ryan,https://www.imdb.com/title/tt0120815/,1998,Drama,Steven Spielberg,8.6,"['Tom Hanks' 'Matt Damon' 'Tom Sizemore' 'Edward Burns' 'Barry Pepper'
 'Adam Goldberg' 'Vin Diesel' 'Giovanni Ribisi' 'Jeremy Davies'
 'Ted Danson' 'Paul Giamatti' 'Dennis Farina' 'Joerg Stadler'
 'Max Martini' 'Dylan Bruno' 'Daniel Cerqueira' 'Demetri Goritsas'
 'Ian Porter']"
24,25.0,Interstellar,https://www.imdb.com/title/tt0816692/,2014,Adventure,Christopher Nolan,8.6,"['Matthew McConaughey' 'Anne Hathaway' 'Jessica Chastain' 'Mackenzie Foy'
 'Ellen Burstyn' 'John Lithgow' 'Timothee Chalamet' 'David Oyelowo'
 'Collette Wolfe' 'Francis X. McCarthy' 'Bill Irwin' 'Andrew Borba'
 'Wes Bentley' 'William Devane' 'Michael Caine' 'David Gyasi'
 'Josh Stewart' 'Casey Affleck']"
25,26.0,Life Is Beautiful,https://www.imdb.com/title/tt0118799/,1997,Comedy,Roberto Benigni,8.6,"['Roberto Benigni' 'Nicoletta Braschi' 'Giorgio Cantarini'
 'Giustino Durano' 'Sergio Bini Bustric' 'Marisa Paredes' 'Horst Buchholz'
 'Lidia Alfonsi' 'Giuliana Lojodice' 'Amerigo Fontani' 'Pietro De Silva'
 'Francesco Guzzo' 'Raffaella Lebboroni' 'Claudio Alfonsi' 'Gil Baroni'
 'Massimo Bianchi' 'Jurgen Bohn' 'Verena Buratti']"
26,27.0,The Green Mile,https://www.imdb.com/title/tt0120689/,1999,Crime,Frank Darabont,8.6,"['Tom Hanks' 'Michael Clarke Duncan' 'David Morse' 'Bonnie Hunt'
 'James Cromwell' 'Michael Jeter' 'Graham Greene' 'Doug Hutchison'
 'Sam Rockwell' 'Barry Pepper' 'Jeffrey DeMunn' 'Patricia Clarkson'
 'Harry Dean Stanton' 'Dabbs Greer' 'Eve Brent' 'William Sadler'
 'Mack Miles' 'Rai Tasco']"
27,28.0,Star Wars,https://www.imdb.com/title/tt0076759/,1977,Action,George Lucas,8.6,"['Mark Hamill' 'Harrison Ford' 'Carrie Fisher' 'Alec Guinness'
 'Peter Cushing' 'Anthony Daniels' 'Kenny Baker' 'Peter Mayhew'
 'David Prowse' 'Phil Brown' 'Shelagh Fraser' 'Jack Purvis'
 'Alex McCrindle' 'Eddie Byrne' 'Drewe Henley' 'Denis Lawson'
 'Garrick Hagon' 'Jack Klaff']"
28,29.0,Terminator 2: Judgment Day,https://www.imdb.com/title/tt0103064/,1991,Action,James Cameron,8.6,"['Arnold Schwarzenegger' 'Linda Hamilton' 'Edward Furlong'
 'Robert Patrick' 'Earl Boen' 'Joe Morton' 'S. Epatha Merkerson'
 'Castulo Guerra' 'Danny Cooksey' 'Jenette Goldstein' 'Xander Berkeley'
 'Leslie Hamilton Gearren' 'Ken Gibbel' 'Robert Winley' 'Peter Schrum'
 'Shane Wilder' 'Michael Edwards' 'Jared Lounsbery']"
29,30.0,Back to the Future,https://www.imdb.com/title/tt0088763/,1985,Adventure,Robert Zemeckis,8.5,"['Michael J. Fox' 'Christopher Lloyd' 'Lea Thompson' 'Crispin Glover'
 'Tom Wilson' 'Claudia Wells' 'Marc McClure' 'Wendie Jo Sperber'
 'George DiCenzo' 'Frances Lee McCain' 'James Tolkan' 'J.J. Cohen'
 'Casey Siemaszko' 'Billy Zane' 'Harry Waters Jr.' 'Donald Fullilove'
 'Lisa Freeman' 'Cristen Kauffman']"
30,31.0,Spirited Away,https://www.imdb.com/title/tt0245429/,2001,Animation,Hayao Miyazaki,8.6,"['Daveigh Chase' 'Suzanne Pleshette' 'Miyu Irino' 'Rumi Hiiragi'
 'Mari Natsuki' 'Takashi Naito' 'Yasuko Sawaguchi' 'Tatsuya Gashuin'
 'Ryunosuke Kamiki' 'Yumi Tamai' 'Yo Oizumi' 'Koba Hayashi'
 'Tsunehiko Kamijo' 'Takehiko Ono' 'Bunta Sugawara' 'Shigeru Wakita'
 'Shiro Saito' 'Michiko Yamamoto']"
31,32.0,The Pianist,https://www.imdb.com/title/tt0253474/,2002,Biography,Roman Polanski,8.5,"['Adrien Brody' 'Thomas Kretschmann' 'Frank Finlay' 'Emilia Fox'
 'Michal Zebrowski' 'Ed Stoppard' 'Maureen Lipman' 'Jessica Kate Meyer'
 'Julia Rayner' 'Wanja Mues' 'Richard Ridings' 'Nomi Sharron'
 'Anthony Milner' 'Lucy Skeaping' 'Roddy Skeaping' 'Ben Harlan'
 'Thomas Lawinky' 'Joachim Paul Assbock']"
32,33.0,Psycho,https://www.imdb.com/title/tt0054215/,1960,Horror,Alfred Hitchcock,8.5,"['Anthony Perkins' 'Janet Leigh' 'Vera Miles' 'John Gavin' 'Martin Balsam'
 'John McIntire' 'Simon Oakland' 'Frank Albertson' 'Patricia Hitchcock'
 'Vaughn Taylor' 'Lurene Tuttle' 'John Anderson' 'Mort Mills'
 'Fletcher Allen' 'Walter Bacon' 'Prudence Beers' 'Kit Carson'
 'Francis De Sales']"
33,34.0,Parasite,https://www.imdb.com/title/tt6751668/,2019,Drama,Bong Joon Ho,8.5,"['Song Kang-ho' 'Lee Sun-kyun' 'Cho Yeo-jeong' 'Choi Woo-sik'
 'Park So-dam' 'Lee Jeong-eun' 'Jang Hye-jin' 'Park Myeong-hoon'
 'Jung Ji-so' 'Jung Hyun-jun' 'Park Keun-rok' 'Jung Yi-seo'
 'Jo Jae-myeong' 'Jung Ik-han' 'Kim Kyu-baek' 'Hwang In-kyung'
 'Ahn Seong-bong' 'Kim Jin-hyung']"
34,35.0,Léon,https://www.imdb.com/title/tt0110413/,1994,Action,Luc Besson,8.5,"['Jean Reno' 'Gary Oldman' 'Natalie Portman' 'Danny Aiello' 'Peter Appel'
 'Willi One Blood' 'Don Creech' 'Keith A. Glascoe' 'Randolph Scott'
 'Michael Badalucco' 'Ellen Greene' 'Elizabeth Regen' 'Carl J. Matusovich'
 'Frank Senger' 'Lucius Wyatt Cherokee' 'Eric Challier' 'Luc Bernard'
 'Maiwenn']"
35,36.0,The Lion King,https://www.imdb.com/title/tt0110357/,1994,Animation,Roger Allers,8.5,"['Matthew Broderick' 'Jeremy Irons' 'James Earl Jones' 'Whoopi Goldberg'
 'Rowan Atkinson' 'Niketa Calame-Harris' 'Jim Cummings' 'Robert Guillaume'
 'Moira Kelly' 'Nathan Lane' 'Zoe Leader' 'Cheech Marin' 'Ernie Sabella'
 'Madge Sinclair' 'Jonathan Taylor Thomas' 'Frank Welker' 'Cathy Cavadini'
 'Judi M. Durand']"
36,37.0,Gladiator,https://www.imdb.com/title/tt0172495/,2000,Action,Ridley Scott,8.5,"['Russell Crowe' 'Joaquin Phoenix' 'Connie Nielsen' 'Oliver Reed'
 'Richard Harris' 'Derek Jacobi' 'Djimon Hounsou' 'David Schofield'
 'John Shrapnel' 'Tomas Arana' 'Ralf Moeller' 'Spencer Treat Clark'
 'David Hemmings' 'Tommy Flanagan' 'Sven-Ole Thorsen' 'Omid Djalili'
 'Nicholas McGaughey' 'Chris Kell']"
37,38.0,American History X,https://www.imdb.com/title/tt0120586/,1998,Crime,Tony Kaye,8.5,"['Edward Norton' 'Edward Furlong' ""Beverly D'Angelo"" 'Jennifer Lien'
 'Ethan Suplee' 'Fairuza Balk' 'Avery Brooks' 'Elliott Gould'
 'Stacy Keach' 'William Russ' 'Guy Torry' 'Joe Cortese' 'Jason Bose Smith'
 'Antonio David Lyons' 'Alex Sol' 'Keram Malicki-Sanchez'
 'Giuseppe Andrews' 'Michelle Christine White']"
38,39.0,The Departed,https://www.imdb.com/title/tt0407887/,2006,Crime,Martin Scorsese,8.5,"['Leonardo DiCaprio' 'Matt Damon' 'Jack Nicholson' 'Mark Wahlberg'
 'Martin Sheen' 'Ray Winstone' 'Vera Farmiga' 'Anthony Anderson'
 'Alec Baldwin' 'Kevin Corrigan' 'James Badge Dale' ""David O'Hara""
 'Mark Rolston' 'Robert Wahlberg' 'Kristen Dalton' 'Thomas B. Duffy'
 'Richard Hughes' 'J.C. MacKenzie']"
39,40.0,The Usual Suspects,https://www.imdb.com/title/tt0114814/,1995,Crime,Bryan Singer,8.5,"['Kevin Spacey' 'Gabriel Byrne' 'Chazz Palminteri' 'Stephen Baldwin'
 'Benicio Del Toro' 'Kevin Pollak' 'Pete Postlethwaite' 'Suzy Amis'
 'Giancarlo Esposito' 'Dan Hedaya' 'Paul Bartel' 'Carl Bressler'
 'Phillipe Simon' 'Jack Shearer' 'Christine Estabrook' 'Clark Gregg'
 'Morgan Hunter' 'Ken Daly']"
40,41.0,The Prestige,https://www.imdb.com/title/tt0482571/,2006,Drama,Christopher Nolan,8.5,"['Christian Bale' 'Hugh Jackman' 'Scarlett Johansson' 'Michael Caine'
 'Piper Perabo' 'Rebecca Hall' 'Samantha Mahurin' 'David Bowie'
 'Andy Serkis' 'Daniel Davis' 'Jim Piddock' 'Christopher Neame'
 'Mark Ryan' 'Roger Rees' 'Jamie Harris' 'Monty Stuart' 'Ron Perkins'
 'Ricky Jay']"
41,42.0,Whiplash,https://www.imdb.com/title/tt2582802/,2014,Drama,Damien Chazelle,8.5,"['Miles Teller' 'J.K. Simmons' 'Melissa Benoist' 'Paul Reiser'
 'Austin Stowell' 'Nate Lang' 'Chris Mulkey' 'Damon Gupton' 'Suanne Spoke'
 'Max Kasch' 'Charlie Ian' 'Jayson Blair' 'Kofi Siriboe' 'Kavita Patil'
 'C.J. Vana' 'Tarik Lowe' 'Tyler Kimball' 'Rogelio Douglas Jr.']"
42,43.0,Casablanca,https://www.imdb.com/title/tt0034583/,1942,Drama,Michael Curtiz,8.5,"['Humphrey Bogart' 'Ingrid Bergman' 'Paul Henreid' 'Claude Rains'
 'Conrad Veidt' 'Sydney Greenstreet' 'Peter Lorre' 'S.Z. Sakall'
 'Madeleine Lebeau' 'Dooley Wilson' 'Joy Page' 'John Qualen'
 'Leonid Kinskey' 'Curt Bois' 'Abdullah Abbas' 'Enrique Acosta'
 'Ed Agresti' 'Arnet Amos']"
43,44.0,Seppuku,https://www.imdb.com/title/tt0056058/,1962,Action,Masaki Kobayashi,8.6,"['Tatsuya Nakadai' 'Akira Ishihama' 'Shima Iwashita' 'Tetsuro Tanba'
 'Masao Mishima' 'Ichiro Nakatani' 'Kei Sato' 'Yoshio Inaba'
 'Hisashi Igawa' 'Toru Takeuchi' 'Yoshiro Aoki' 'Tatsuo Matsumura'
 'Akiji Kobayashi' 'Koichi Hayashi' 'Ryutaro Gomi' 'Jo Azumi'
 'Nakajiro Tomita' 'Shichisaburo Amatsu']"
44,45.0,Grave of the Fireflies,https://www.imdb.com/title/tt0095327/,1988,Animation,Isao Takahata,8.5,"['Tsutomu Tatsumi' 'Ayano Shiraishi' 'Akemi Yamaguchi' 'Yoshiko Shinohara'
 'Kozo Hashida' 'Masayo Sakai' 'Kazumi Nozaki' 'Yoshio Matsuoka'
 'Masahiro Kanetake' 'Kiyoshi Yanagawa' 'Hajime Maki' 'Atsuo Omote'
 'Teruhisa Harita' 'Hiroshi Tanaka' 'Michio Denpo' 'Shiro Tamaki'
 'Tadashi Nakamura' 'Mika Sekita']"
45,46.0,Intouchables,https://www.imdb.com/title/tt1675434/,2011,Biography,Olivier Nakache,8.5,"['Francois Cluzet' 'Omar Sy' 'Anne Le Ny' 'Audrey Fleurot'
 'Josephine de Meaux' 'Clotilde Mollet' 'Alba Gaia Bellugi' 'Cyril Mendy'
 'Salimata Kamate' 'Absa Diatou Toure' 'Gregoire Oestermann'
 'Dominique Daguier' 'Francois Caron' 'Christian Ameri' 'Thomas Soliveres'
 'Dorothee Briere' 'Marie-Laure Descoureaux' 'Emilie Caen']"
46,47.0,Modern Times,https://www.imdb.com/title/tt0027977/,1936,Comedy,Charles Chaplin,8.5,"['Charles Chaplin' 'Paulette Goddard' 'Henry Bergman' 'Tiny Sandford'
 'Chester Conklin' 'Hank Mann' 'Stanley Blystone' 'Al Ernest Garcia'
 'Richard Alexander' 'Cecil Reynolds' 'Mira McKinney' 'Murdock MacQuarrie'
 'Wilfred Lucas' 'Edward LeSaint' 'Fred Malatesta' 'Sammy Stein'
 'Juana Sutton' 'Ted Oliver']"
47,48.0,C'era Una Volta Il West,https://www.imdb.com/title/tt0064116/,1968,Western,Sergio Leone,8.5,"['Henry Fonda' 'Charles Bronson' 'Claudia Cardinale' 'Jason Robards'
 'Gabriele Ferzetti' 'Paolo Stoppa' 'Woody Strode' 'Jack Elam'
 'Keenan Wynn' 'Frank Wolff' 'Lionel Stander' 'Livio Andronico'
 'Salvatore Basile' 'Aldo Berti' 'Joseph Bradley' 'Frank Brana'
 'Marilu Carteny' 'Saturno Cerra']"
48,49.0,Rear Window,https://www.imdb.com/title/tt0047396/,1954,Mystery,Alfred Hitchcock,8.5,"['James Stewart' 'Grace Kelly' 'Wendell Corey' 'Thelma Ritter'
 'Raymond Burr' 'Judith Evelyn' 'Ross Bagdasarian' 'Georgine Darcy'
 'Sara Berner' 'Frank Cady' 'Jesslyn Fax' 'Rand Harper' 'Irene Winston'
 'Havis Davenport' 'Jerry Antes' 'Barbara Bailey' 'Benny Bartlett'
 'Nick Borgani']"
49,50.0,Cinema Paradiso,https://www.imdb.com/title/tt0095765/,1988,Drama,Giuseppe Tornatore,8.5,"['Philippe Noiret' 'Enzo Cannavale' 'Antonella Attili' 'Isa Danieli'
 'Leo Gullotta' 'Marco Leonardi' 'Pupella Maggio' 'Agnese Nano'
 'Leopoldo Trieste' 'Salvatore Cascio' 'Tano Cimarosa' 'Nicola Di Pinto'
 'Roberta Lena' 'Nino Terzo' 'Jacques Perrin' 'Nellina Lagana'
 'Turi Giuffrida' 'Mariella Lo Giudice']"
50,51.0,Alien,https://www.imdb.com/title/tt0078748/,1979,Horror,Ridley Scott,8.5,"['Sigourney Weaver' 'Tom Skerritt' 'John Hurt' 'Veronica Cartwright'
 'Harry Dean Stanton' 'Ian Holm' 'Yaphet Kotto' 'Bolaji Badejo'
 'Helen Horton' 'Eddie Powell']"
51,52.0,City Lights,https://www.imdb.com/title/tt0021749/,1931,Comedy,Charles Chaplin,8.5,"['Charles Chaplin' 'Virginia Cherrill' 'Florence Lee' 'Harry Myers'
 'Al Ernest Garcia' 'Hank Mann' 'Johnny Aber' 'Jack Alexander'
 'T.S. Alexander' 'Victor Alexander' 'Albert Austin' 'Harry Ayers'
 'Eddie Baker' 'Henry Bergman' 'Edward Biby' 'Betty Blair' 'Buster Brodie'
 'Jeanne Carpenter']"
52,53.0,Apocalypse Now,https://www.imdb.com/title/tt0078788/,1979,Drama,Francis Ford Coppola,8.5,"['Martin Sheen' 'Marlon Brando' 'Robert Duvall' 'Frederic Forrest'
 'Sam Bottoms' 'Laurence Fishburne' 'Albert Hall' 'Harrison Ford'
 'Dennis Hopper' 'G.D. Spradlin' 'Jerry Ziesmer' 'Scott Glenn' 'Bo Byers'
 'James Keane' 'Kerry Rossall' 'Ron McQueen' 'Tom Mason' 'Cynthia Wood']"
53,54.0,Memento,https://www.imdb.com/title/tt0209144/,2000,Mystery,Christopher Nolan,8.4,"['Guy Pearce' 'Carrie-Anne Moss' 'Joe Pantoliano' 'Mark Boone Junior'
 'Russ Fega' 'Jorja Fox' 'Stephen Tobolowsky' 'Harriet Sansom Harris'
 'Thomas Lennon' 'Callum Keith Rennie' 'Kimberly Campbell'
 'Marianne Muellerleile' 'Larry Holden' 'Stephanie Searson'
 'Buzz Visconti']"
54,55.0,Django Unchained,https://www.imdb.com/title/tt1853728/,2012,Drama,Quentin Tarantino,8.4,"['Jamie Foxx' 'Christoph Waltz' 'Leonardo DiCaprio' 'Kerry Washington'
 'Samuel L. Jackson' 'Walton Goggins' 'Dennis Christopher' 'James Remar'
 'David Steen' 'Dana Gourrier' 'Nichole Galicia' 'Laura Cayouette'
 'Ato Essandoh' 'Sammi Rotibi' 'Clay Donahue Fontenot' 'Escalante Lundy'
 'Miriam F. Glover' 'Don Johnson']"
55,56.0,Raiders of the Lost Ark,https://www.imdb.com/title/tt0082971/,1981,Action,Steven Spielberg,8.4,"['Harrison Ford' 'Karen Allen' 'Paul Freeman' 'John Rhys-Davies'
 'Ronald Lacey' 'Denholm Elliott' 'Alfred Molina' 'Wolf Kahler'
 'Anthony Higgins' 'Vic Tablian' 'Don Fellows' 'William Hootkins'
 'Bill Reimbold' 'Fred Sorenson' 'Patrick Durkin' 'Matthew Scurfield'
 'Malcolm Weaver' 'Sonny Caldinez']"
56,57.0,WALL·E,https://www.imdb.com/title/tt0910970/,2008,Animation,Andrew Stanton,8.4,"['Ben Burtt' 'Elissa Knight' 'Jeff Garlin' 'Fred Willard' 'MacInTalk'
 'John Ratzenberger' 'Kathy Najimy' 'Sigourney Weaver' 'Karleen Griffin'
 'Kim Kopf' 'Niki McElroy' 'Garrett Palmer' 'Jessica Skelton'
 'Kai Steel Smith' 'Michael Toy']"
57,58.0,Das Leben der Anderen,https://www.imdb.com/title/tt0405094/,2006,Drama,Florian Henckel von Donnersmarck,8.4,"['Ulrich Muhe' 'Martina Gedeck' 'Sebastian Koch' 'Ulrich Tukur'
 'Thomas Thieme' 'Hans-Uwe Bauer' 'Volkmar Kleinert' 'Matthias Brenner'
 'Charly Hubner' 'Herbert Knaup' 'Bastian Trost' 'Marie Gruber'
 'Volker Michalowski' 'Werner Daehn' 'Martin Brambach' 'Hubertus Hartmann'
 'Thomas Arnold' 'Hinnerk Schonemann']"
58,59.0,Sunset Blvd.,https://www.imdb.com/title/tt0043014/,1950,Drama,Billy Wilder,8.4,"['William Holden' 'Gloria Swanson' 'Erich von Stroheim' 'Nancy Olson'
 'Fred Clark' 'Lloyd Gough' 'Jack Webb' 'Franklyn Farnum' 'Larry J. Blake'
 'Charles Dayton' 'Cecil B. DeMille' 'Hedda Hopper' 'Buster Keaton'
 'Anna Q. Nilsson' 'H.B. Warner' 'Ray Evans' 'Jay Livingston'
 'Fred Aldrich']"
59,60.0,Paths of Glory,https://www.imdb.com/title/tt0050825/,1957,Drama,Stanley Kubrick,8.4,"['Kirk Douglas' 'Ralph Meeker' 'Adolphe Menjou' 'George Macready'
 'Wayne Morris' 'Richard Anderson' 'Joe Turkel' 'Christiane Kubrick'
 'Jerry Hausner' 'Peter Capell' 'Emile Meyer' 'Bert Freed' 'Kem Dibbs'
 'Timothy Carey' 'Fred Bell' 'John Stein' 'Harold Benedict' 'Leon Briggs']"
60,61.0,The Shining,https://www.imdb.com/title/tt0081505/,1980,Drama,Stanley Kubrick,8.4,"['Jack Nicholson' 'Shelley Duvall' 'Danny Lloyd' 'Scatman Crothers'
 'Barry Nelson' 'Philip Stone' 'Joe Turkel' 'Anne Jackson' 'Tony Burton'
 'Lia Beldam' 'Billie Gibson' 'Barry Dennen' 'David Baxt'
 'Manning Redwood' 'Lisa Burns' 'Louise Burns' 'Robin Pappas'
 'Alison Coleridge']"
61,62.0,The Great Dictator,https://www.imdb.com/title/tt0032553/,1940,Comedy,Charles Chaplin,8.4,"['Charles Chaplin' 'Paulette Goddard' 'Jack Oakie' 'Reginald Gardiner'
 'Henry Daniell' 'Billy Gilbert' 'Grace Hayle' 'Carter DeHaven'
 'Maurice Moscovitch' 'Emma Dunn' 'Bernard Gorcey' 'Paul Weigel'
 'Chester Conklin' 'Esther Michelson' 'Hank Mann' 'Florence Wright'
 'Eddie Gribbon' 'Rudolph Anders']"
62,63.0,Avengers: Infinity War,https://www.imdb.com/title/tt4154756/,2018,Action,Anthony Russo,8.4,"['Robert Downey Jr.' 'Chris Hemsworth' 'Mark Ruffalo' 'Chris Evans'
 'Scarlett Johansson' 'Don Cheadle' 'Benedict Cumberbatch' 'Tom Holland'
 'Chadwick Boseman' 'Zoe Saldana' 'Karen Gillan' 'Tom Hiddleston'
 'Paul Bettany' 'Elizabeth Olsen' 'Anthony Mackie' 'Sebastian Stan'
 'Idris Elba' 'Danai Gurira']"
63,64.0,Witness for the Prosecution,https://www.imdb.com/title/tt0051201/,1957,Crime,Billy Wilder,8.4,"['Tyrone Power' 'Marlene Dietrich' 'Charles Laughton' 'Elsa Lanchester'
 'John Williams' 'Henry Daniell' 'Ian Wolfe' 'Torin Thatcher'
 'Norma Varden' ""Una O'Connor"" 'Francis Compton' 'Philip Tonge' 'Ruta Lee'
 'Patrick Aherne' 'Don Ames' 'Walter Bacon' 'Eddie Baker'
 'Benjie Bancroft']"
64,65.0,Alien 2,https://www.imdb.com/title/tt0090605/,1986,Action,James Cameron,8.4,"['Sigourney Weaver' 'Michael Biehn' 'Carrie Henn' 'Paul Reiser'
 'Lance Henriksen' 'Bill Paxton' 'William Hope' 'Jenette Goldstein'
 'Al Matthews' 'Mark Rolston' 'Ricco Ross' 'Colette Hiller' 'Daniel Kash'
 'Cynthia Dale Scott' 'Tip Tipping' 'Trevor Steedman' 'Paul Maxwell'
 'Valerie Colgan']"
65,66.0,Spider-Man: Into the Spider-Verse,https://www.imdb.com/title/tt4633694/,2018,Animation,Bob Persichetti,8.4,"['Shameik Moore' 'Jake Johnson' 'Hailee Steinfeld' 'Mahershala Ali'
 'Brian Tyree Henry' 'Lily Tomlin' 'Luna Lauren Velez' 'Zoe Kravitz'
 'John Mulaney' 'Kimiko Glenn' 'Nicolas Cage' 'Kathryn Hahn'
 'Liev Schreiber' 'Chris Pine' 'Natalie Morales' 'Edwin R. Habacon'
 'Oscar Isaac' 'Greta Lee']"
66,67.0,American Beauty,https://www.imdb.com/title/tt0169547/,1999,Drama,Sam Mendes,8.4,"['Kevin Spacey' 'Annette Bening' 'Thora Birch' 'Wes Bentley' 'Mena Suvari'
 'Peter Gallagher' 'Allison Janney' 'Chris Cooper' 'Scott Bakula'
 'Sam Robards' 'Barry Del Sherman' 'Ara Celi' 'John Cho' 'Fort Atkinson'
 'Sue Casey' 'Kent Faulcon' 'Brenda Wehle' 'Lisa Cloud']"
67,68.0,Dr. Strangelove or: How I Learned to Stop Worrying and Love the Bomb,https://www.imdb.com/title/tt0057012/,1964,Comedy,Stanley Kubrick,8.4,"['Peter Sellers' 'George C. Scott' 'Sterling Hayden' 'Keenan Wynn'
 'Slim Pickens' 'Peter Bull' 'James Earl Jones' 'Tracy Reed' 'Jack Creley'
 'Frank Berry' ""Robert O'Neil"" 'Glenn Beck' 'Roy Stephens' 'Shane Rimmer'
 'Hal Galili' 'Paul Tamarin' 'Laurence Herder' 'Gordon Tanner']"
68,69.0,The Dark Knight Rises,https://www.imdb.com/title/tt1345836/,2012,Action,Christopher Nolan,8.4,"['Christian Bale' 'Tom Hardy' 'Anne Hathaway' 'Gary Oldman'
 'Joseph Gordon-Levitt' 'Marion Cotillard' 'Morgan Freeman'
 'Michael Caine' 'Matthew Modine' 'Alon Aboutboul' 'Ben Mendelsohn'
 'Burn Gorman' 'Daniel Sunjata' 'Aidan Gillen' 'Sam Kennard'
 'Aliash Tepina' 'Nestor Carbonell' 'Brett Cullen']"
69,70.0,Oldeuboi,https://www.imdb.com/title/tt0364569/,2003,Action,Park Chan-wook,8.4,"['Choi Min-sik' 'Yoo Ji-tae' 'Kang Hye-jeong' 'Kim Byeong-Ok' 'Dae-han Ji'
 'Dal-su Oh' 'Seung-shin Lee' 'Jin-Seo Yoon' 'Tae-kyung Oh'
 'Yoo Yeon-Seok' 'Il-han Oo' 'Young-hee Lee' 'Young-ae Kim' 'Mi Mi Lee'
 'Jae-Duk Han' 'Jung Ae Kwak' 'San Kim' 'Chae-soo Jang']"
70,71.0,Inglourious Basterds,https://www.imdb.com/title/tt0361748/,2009,Adventure,Quentin Tarantino,8.3,"['Brad Pitt' 'Diane Kruger' 'Eli Roth' 'Melanie Laurent' 'Christoph Waltz'
 'Michael Fassbender' 'Daniel Bruhl' 'Til Schweiger' 'Gedeon Burkhard'
 'Jacky Ido' 'B.J. Novak' 'Omar Doom' 'August Diehl' 'Denis Menochet'
 'Sylvester Groth' 'Martin Wuttke' 'Mike Myers' 'Julie Dreyfus']"
71,72.0,Amadeus,https://www.imdb.com/title/tt0086879/,1984,Biography,Milos Forman,8.4,"['F. Murray Abraham' 'Tom Hulce' 'Elizabeth Berridge' 'Roy Dotrice'
 'Simon Callow' 'Christine Ebersole' 'Jeffrey Jones' 'Charles Kay'
 'Kenneth McMillan' 'Kenny Baker' 'Lisbeth Bartlett' 'Barbara Bryne'
 'Martin Cavina' 'Roderick Cook' 'Milan Demjanenko' 'Peter DiGesu'
 'Richard Frank' 'Patrick Hines']"
72,73.0,Coco,https://www.imdb.com/title/tt2380307/,2017,Animation,Lee Unkrich,8.4,"['Anthony Gonzalez' 'Gael Garcia Bernal' 'Benjamin Bratt' 'Alanna Ubach'
 'Renee Victor' 'Jaime Camil' 'Alfonso Arau' 'Herbert Siguenza'
 'Gabriel Iglesias' 'Lombardo Boyar' 'Ana Ofelia Murguia'
 'Natalia Cordova-Buckley' 'Selene Luna' 'Edward James Olmos'
 'Sofia Espinosa' 'Carla Medina' 'Dyana Ortelli' 'Luis Valdez']"
73,74.0,Toy Story,https://www.imdb.com/title/tt0114709/,1995,Animation,John Lasseter,8.3,"['Tom Hanks' 'Tim Allen' 'Don Rickles' 'Jim Varney' 'Wallace Shawn'
 'John Ratzenberger' 'Annie Potts' 'John Morris' 'Erik von Detten'
 'Laurie Metcalf' 'R. Lee Ermey' 'Sarah Rayne' 'Penn Jillette'
 'Jack Angel' 'Spencer Aste' 'Greg Berg' 'Lisa Bradley'
 'Kendall Cunningham']"
74,75.0,Joker,https://www.imdb.com/title/tt7286456/,2019,Crime,Todd Phillips,8.4,"['Joaquin Phoenix' 'Robert De Niro' 'Zazie Beetz' 'Frances Conroy'
 'Brett Cullen' 'Shea Whigham' 'Bill Camp' 'Glenn Fleshler' 'Leigh Gill'
 'Josh Pais' 'Rocco Luna' 'Marc Maron' 'Sondra James' 'Murphy Guyer'
 'Douglas Hodge' 'Dante Pereira-Olson' 'Carrie Louise Putrello'
 'Sharon Washington']"
75,76.0,Braveheart,https://www.imdb.com/title/tt0112573/,1995,Biography,Mel Gibson,8.4,"['Mel Gibson' 'Sophie Marceau' 'Patrick McGoohan' 'Angus Macfadyen'
 'James Robinson' 'Sean Lawlor' 'Sandy Nelson' 'James Cosmo'
 'Sean McGinley' 'Alan Tall' 'Andrew Weir' 'Gerda Stevenson' 'Ralph Riach'
 'Mhairi Calvey' 'Brian Cox' 'Peter Hanly' 'Stephen Billington'
 'Barry McGovern']"
76,77.0,Das Boot,https://www.imdb.com/title/tt0082096/,1981,Drama,Wolfgang Petersen,8.4,"['Jurgen Prochnow' 'Herbert Gronemeyer' 'Klaus Wennemann'
 'Hubertus Bengsch' 'Martin Semmelrogge' 'Bernd Tauber' 'Erwin Leder'
 'Martin May' 'Heinz Hoenig' 'Uwe Ochsenknecht' 'Claude-Oliver Rudolph'
 'Jan Fedder' 'Ralf Richter' 'Joachim Bernhard' 'Oliver Stritzel'
 'Konrad Becker' 'Lutz Schnell' 'Martin Hemme']"
77,78.0,Avengers: Endgame,https://www.imdb.com/title/tt4154796/,2019,Action,Anthony Russo,8.4,"['Robert Downey Jr.' 'Chris Evans' 'Mark Ruffalo' 'Chris Hemsworth'
 'Scarlett Johansson' 'Jeremy Renner' 'Don Cheadle' 'Paul Rudd'
 'Benedict Cumberbatch' 'Chadwick Boseman' 'Brie Larson' 'Tom Holland'
 'Karen Gillan' 'Zoe Saldana' 'Evangeline Lilly' 'Tessa Thompson'
 'Rene Russo' 'Elizabeth Olsen']"
78,79.0,Mononoke-hime,https://www.imdb.com/title/tt0119698/,1997,Animation,Hayao Miyazaki,8.4,"['Yoji Matsuda' 'Yuriko Ishida' 'Yuko Tanaka' 'Billy Crudup'
 'Billy Bob Thornton' 'Minnie Driver' 'John DiMaggio' 'Claire Danes'
 'John DeMita' 'Jada Pinkett Smith' 'Gillian Anderson' 'Keith David'
 'Corey Burton' 'Tara Strong' 'Julia Fletcher' 'Debi Derryberry'
 'Alex Fernandez' 'Jack Fletcher']"
79,80.0,Once Upon a Time in America,https://www.imdb.com/title/tt0087843/,1984,Crime,Sergio Leone,8.3,"['Robert De Niro' 'James Woods' 'Elizabeth McGovern' 'Treat Williams'
 'Tuesday Weld' 'Burt Young' 'Joe Pesci' 'Danny Aiello' 'William Forsythe'
 'James Hayden' 'Darlanne Fluegel' 'Larry Rapp' 'Dutch Miller'
 'Robert Harper' 'Richard Bright' 'Gerard Murphy' 'Amy Ryder'
 'Olga Karlatos']"
80,81.0,Good Will Hunting,https://www.imdb.com/title/tt0119217/,1997,Drama,Gus Van Sant,8.3,"['Robin Williams' 'Matt Damon' 'Ben Affleck' 'Stellan Skarsgard'
 'John Mighton' 'Rachel Majorowski' 'Colleen McCauley' 'Casey Affleck'
 'Cole Hauser' 'Matt Mercier' 'Ralph St. George' 'Rob Lynds'
 'Dan Washington' 'Alison Folland' 'Derrick Bridgeman' 'Vik Sahay'
 'Shannon Egleson' 'Rob Lyons']"
81,82.0,Kimi No Na Wa.,https://www.imdb.com/title/tt5311514/,2016,Animation,Makoto Shinkai,8.4,"['Ryunosuke Kamiki' 'Mone Kamishiraishi' 'Ryo Narita' 'Aoi Yuki'
 'Nobunaga Shimazaki' 'Kaito Ishikawa' 'Kanon Tani' 'Masaki Terasoma'
 'Sayaka Ohara' 'Kazuhiko Inoue' 'Chafurin' 'Kana Hanazawa'
 'Yuka Terasaki' 'Takashi Onozuka' 'Yohei Namekawa' 'Miyu Tsuji'
 ""Shin'ya Hamazoe"" 'Kanami Sato']"
82,83.0,3 Idiots,https://www.imdb.com/title/tt1187043/,2009,Comedy,Rajkumar Hirani,8.4,"['Aamir Khan' 'Madhavan' 'Mona Singh' 'Sharman Joshi' 'Kareena Kapoor'
 'Boman Irani' 'Omi Vaidya' 'Olivier Lafont' 'Rahul Kumar'
 'Parikshit Sahni' 'Farida Dadi' 'Amardeep Jha' 'Mukund Bhatt'
 'Chaitali Bose' 'Jaaved Jaaferi' 'Jayant Kripalani' 'Arun Bali'
 'Shoaib Ahmed']"
83,84.0,Singin' in the Rain,https://www.imdb.com/title/tt0045152/,1952,Comedy,Stanley Donen,8.3,"['Gene Kelly' ""Donald O'Connor"" 'Debbie Reynolds' 'Jean Hagen'
 'Millard Mitchell' 'Cyd Charisse' 'Douglas Fowley' 'Rita Moreno'
 'Dawn Addams' 'John Albright' 'Betty Allen' 'Sue Allen' 'John Angelo'
 'Marie Ardell' 'Bette Arlen' 'David Bair' 'Lynn Bari' 'Jimmy Bates']"
84,85.0,Requiem for a Dream,https://www.imdb.com/title/tt0180093/,2000,Drama,Darren Aronofsky,8.3,"['Ellen Burstyn' 'Jared Leto' 'Jennifer Connelly' 'Marlon Wayans'
 'Christopher McDonald' 'Louise Lasser' 'Marcia Jean Kurtz' 'Janet Sarno'
 'Suzanne Shepherd' 'Joanne Gordon' 'Charlotte Aronofsky' 'Mark Margolis'
 'Michael Kaycheck' ""Jack O'Connell"" 'Chas Mastin' 'Ajay Naidu'
 'Sean Gullette' 'Samia Shoaib']"
85,86.0,Toy Story 3,https://www.imdb.com/title/tt0435761/,2010,Animation,Lee Unkrich,8.3,"['Tom Hanks' 'Tim Allen' 'Joan Cusack' 'Ned Beatty' 'Don Rickles'
 'Michael Keaton' 'Wallace Shawn' 'John Ratzenberger' 'Estelle Harris'
 'John Morris' 'Jodi Benson' 'Emily Ricks Hahn' 'Laurie Metcalf'
 'Blake Clark' 'Teddy Newton' 'Bud Luckey' 'Bea Miller'
 'Javier Fernandez-Pena']"
86,87.0,Tengoku to Jigoku,https://www.imdb.com/title/tt0057565/,1963,Crime,Akira Kurosawa,8.4,"['Toshiro Mifune' 'Yutaka Sada' 'Tatsuya Nakadai' 'Kyoko Kagawa'
 'Tatsuya Mihashi' 'Isao Kimura' 'Kenjiro Ishiyama' 'Takeshi Kato'
 'Takashi Shimura' 'Jun Tazaki' 'Nobuo Nakamura' 'Yunosuke Ito'
 'Tsutomu Yamazaki' 'Minoru Chiaki' 'Eijiro Tono' 'Masao Shimizu'
 'Masahiko Shimazu' 'Toshio Egi']"
87,88.0,Capharnaüm,https://www.imdb.com/title/tt8267604/,2018,Drama,Nadine Labaki,8.4,"['Zain Al Rafeea' 'Yordanos Shiferaw' 'Boluwatife Treasure Bankole'
 'Kawsar Al Haddad' 'Fadi Yousef' 'Cedra Izzam' 'Alaa Chouchnieh'
 'Elias Khoury' 'Mohammad Al Abdallah' 'Mohamad Abdellatif' 'Abdo Abdo'
 'Hampig Abraham' 'Jamil Ahmad' 'Mohamad Akkar' 'Elias Akobegia'
 'Riman Al Rafeea' 'Legamett Alamou' 'Majd Nabil Alhalabi']"
88,89.0,Star Wars: Episode VI - Return of the Jedi,https://www.imdb.com/title/tt0086190/,1983,Action,Richard Marquand,8.3,"['Mark Hamill' 'Harrison Ford' 'Carrie Fisher' 'Billy Dee Williams'
 'Anthony Daniels' 'Peter Mayhew' 'Sebastian Shaw' 'Ian McDiarmid'
 'Frank Oz' 'James Earl Jones' 'David Prowse' 'Alec Guinness'
 'Kenny Baker' 'Michael Pennington' 'Kenneth Colley' 'Michael Carter'
 'Denis Lawson' 'Tim Rose']"
89,90.0,Eternal Sunshine of the Spotless Mind,https://www.imdb.com/title/tt0338013/,2004,Drama,Michel Gondry,8.3,"['Jim Carrey' 'Kate Winslet' 'Tom Wilkinson' 'Gerry Robert Byrne'
 'Elijah Wood' 'Thomas Jay Ryan' 'Mark Ruffalo' 'Jane Adams' 'David Cross'
 'Kirsten Dunst' 'Ryan Whitney' 'Debbon Ayer' 'Amir Ali Said'
 'Brian Price' 'Paulie Litt' 'Josh Flitter' 'Lola Daehler'
 ""Deirdre O'Connell""]"
90,91.0,2001: A Space Odyssey,https://www.imdb.com/title/tt0062622/,1968,Adventure,Stanley Kubrick,8.3,"['Keir Dullea' 'Gary Lockwood' 'William Sylvester' 'Daniel Richter'
 'Leonard Rossiter' 'Margaret Tyzack' 'Robert Beatty' 'Sean Sullivan'
 'Douglas Rain' 'Frank Miller' 'Bill Weston' 'Ed Bishop' 'Glenn Beck'
 'Alan Gifford' 'Ann Gillis' 'Edwina Carroll' 'Penny Brahms'
 'Heather Downham']"
91,92.0,Reservoir Dogs,https://www.imdb.com/title/tt0105236/,1992,Crime,Quentin Tarantino,8.3,"['Harvey Keitel' 'Tim Roth' 'Michael Madsen' 'Chris Penn' 'Steve Buscemi'
 'Lawrence Tierney' 'Randy Brooks' 'Kirk Baltz' 'Edward Bunker'
 'Quentin Tarantino' 'Rich Turner' 'David Steen' 'Tony Cosmo'
 'Stevo Polyi' 'Michael Sottile' 'Robert Ruth' 'Lawrence Bender'
 'Linda Kaye']"
92,93.0,Idi I Smotri,https://www.imdb.com/title/tt0091251/,1985,Drama,Elem Klimov,8.4,"['Aleksey Kravchenko' 'Olga Mironova' 'Liubomiras Laucevicius'
 'Vladas Bagdonas' 'Juri Lumiste' 'Viktors Lorencs' 'Kazimir Rabetsky'
 'Evgeniy Tilicheev' 'G. Velts' 'V. Vasilyev' 'Aleksandr Berda'
 'Vasiliy Domrachyov' 'Nina Evdokimova' 'Igor Gnevashev' 'Adolf Hitler'
 'Valery Kravchenko' 'Evgeniy Kryzhanovskiy' 'N. Lisichenok']"
93,94.0,Jagten,https://www.imdb.com/title/tt2106476/,2012,Drama,Thomas Vinterberg,8.3,"['Mads Mikkelsen' 'Thomas Bo Larsen' 'Annika Wedderkopp'
 'Lasse Fogelstrom' 'Susse Wold' 'Anne Louise Hassing' 'Lars Ranthe'
 'Alexandra Rapaport' 'Sebastian Bull' 'Steen Ordell Guldbrand Jensen'
 'Daniel Engstrup' 'Troels Thorsen' 'Soren Ronholt' 'Hana Shuan'
 'Jytte Kvinesdal' 'Josefine Grabol' 'Bjarne Henriksen'
 'Nicolai Dahl Hamilton']"
94,95.0,Citizen Kane,https://www.imdb.com/title/tt0033467/,1941,Drama,Orson Welles,8.3,"['Orson Welles' 'Joseph Cotten' 'Dorothy Comingore' 'Agnes Moorehead'
 'Ruth Warrick' 'Ray Collins' 'Erskine Sanford' 'Everett Sloane'
 'William Alland' 'Paul Stewart' 'George Coulouris' 'Fortunio Bonanova'
 'Gus Schilling' 'Philip Van Zandt' 'Georgia Backus' 'Harry Shannon'
 'Sonny Bupp' 'Buddy Swan']"
95,96.0,M - Eine Stadt sucht einen Mörder,https://www.imdb.com/title/tt0022100/,1931,Crime,Fritz Lang,8.3,"['Peter Lorre' 'Ellen Widmann' 'Inge Landgut' 'Otto Wernicke'
 'Theodor Loos' 'Gustaf Grundgens' 'Friedrich Gnass' 'Fritz Odemar'
 'Paul Kemp' 'Theo Lingen' 'Rudolf Blumner' 'Georg John' 'Franz Stein'
 'Ernst Stahl-Nachbaur' 'Gerhard Bienert' 'Karl Platen' 'Rosa Valetti'
 'Hertha von Walther']"
96,97.0,Lawrence of Arabia,https://www.imdb.com/title/tt0056172/,1962,Adventure,David Lean,8.3,"[""Peter O'Toole"" 'Alec Guinness' 'Anthony Quinn' 'Jack Hawkins'
 'Omar Sharif' 'Jose Ferrer' 'Anthony Quayle' 'Claude Rains'
 'Arthur Kennedy' 'Donald Wolfit' 'I.S. Johar' 'Gamil Ratib' 'Michel Ray'
 'John Dimech' 'Zia Mohyeddin' 'Howard Marion-Crawford' 'Jack Gwillim'
 'Hugh Miller']"
97,98.0,North by Northwest,https://www.imdb.com/title/tt0053125/,1959,Action,Alfred Hitchcock,8.3,"['Cary Grant' 'Eva Marie Saint' 'James Mason' 'Jessie Royce Landis'
 'Leo G. Carroll' 'Josephine Hutchinson' 'Philip Ober' 'Martin Landau'
 'Adam Williams' 'Edward Platt' 'Robert Ellenstein' 'Les Tremayne'
 'Philip Coolidge' 'Patrick McVey' 'Edward Binns' 'Ken Lynch'
 'Stanley Adams' 'John Alban']"
98,99.0,Vertigo,https://www.imdb.com/title/tt0052357/,1958,Mystery,Alfred Hitchcock,8.3,"['James Stewart' 'Kim Novak' 'Barbara Bel Geddes' 'Tom Helmore'
 'Henry Jones' 'Raymond Bailey' 'Ellen Corby' 'Konstantin Shayne'
 'Lee Patrick' 'David Ahdar' 'Isabel Analla' 'Jack Ano' 'Margaret Bacon'
 'John Benson' 'Danny Borzage' 'Margaret Brayton' 'Paul Bryar'
 'Boyd Cabeen']"
99,100.0,Ikiru,https://www.imdb.com/title/tt0044741/,1952,Drama,Akira Kurosawa,8.3,"['Takashi Shimura' 'Nobuo Kaneko' ""Shin'ichi Himori"" 'Haruo Tanaka'
 'Minoru Chiaki' 'Miki Odagiri' 'Bokuzen Hidari' 'Minosuke Yamada'
 'Kamatari Fujiwara' 'Makoto Kobori' 'Nobuo Nakamura' 'Atsushi Watanabe'
 'Isao Kimura' 'Masao Shimizu' 'Yunosuke Ito' 'Kumeko Urabe'
 'Eiko Miyoshi' 'Noriko Honma']"
100,101.0,Le fabuleux destin d'Amélie Poulain,https://www.imdb.com/title/tt0211915/,2001,Comedy,Jean-Pierre Jeunet,8.3,"['Audrey Tautou' 'Mathieu Kassovitz' 'Rufus' 'Lorella Cravotta'
 'Serge Merlin' 'Jamel Debbouze' 'Clotilde Mollet' 'Claire Maurier'
 'Isabelle Nanty' 'Dominique Pinon' 'Artus de Penguern' 'Yolande Moreau'
 'Urbain Cancelier' 'Maurice Benichou' 'Michel Robin' 'Andree Damant'
 'Claude Perron' 'Armelle']"
101,102.0,The Apartment,https://www.imdb.com/title/tt0053604/,1960,Comedy,Billy Wilder,8.3,"['Jack Lemmon' 'Shirley MacLaine' 'Fred MacMurray' 'Ray Walston'
 'Jack Kruschen' 'David Lewis' 'Hope Holiday' 'Joan Shawlee'
 'Naomi Stevens' 'Johnny Seven' 'Joyce Jameson' 'Willard Waterman'
 'David White' 'Edie Adams' 'Dorothy Abbott' 'Bill Baldwin' 'Paul Bradley'
 'Benny Burt']"
102,103.0,A Clockwork Orange,https://www.imdb.com/title/tt0066921/,1971,Crime,Stanley Kubrick,8.3,"['Malcolm McDowell' 'Patrick Magee' 'Michael Bates' 'Warren Clarke'
 'John Clive' 'Adrienne Corri' 'Carl Duering' 'Paul Farrell'
 'Clive Francis' 'Michael Gover' 'Miriam Karlin' 'James Marcus'
 'Aubrey Morris' 'Godfrey Quigley' 'Sheila Raynor' 'Madge Ryan'
 'John Savident' 'Anthony Sharp']"
103,104.0,Double Indemnity,https://www.imdb.com/title/tt0036775/,1944,Crime,Billy Wilder,8.3,"['Fred MacMurray' 'Barbara Stanwyck' 'Edward G. Robinson' 'Byron Barr'
 'Porter Hall' 'Jean Heather' 'Tom Powers' 'Richard Gaines'
 'Fortunio Bonanova' 'John Philliber' 'Lev Abramov' 'James Adamson'
 'John Berry' 'Raymond Chandler' 'Edmund Cobb' 'Kernan Cripps'
 'Betty Farrington' 'Bess Flowers']"
104,105.0,Top Gun: Maverick,https://www.imdb.com/title/tt1745960/,2022,Action,Joseph Kosinski,8.3,"['Tom Cruise' 'Jennifer Connelly' 'Miles Teller' 'Val Kilmer'
 'Bashir Salahuddin' 'Jon Hamm' 'Charles Parnell' 'Monica Barbaro'
 'Lewis Pullman' 'Jay Ellis' 'Danny Ramirez' 'Glen Powell'
 'Jack Schumacher' 'Manny Jacinto' 'Kara Wang' 'Greg Tarzan Davis'
 'Jake Picking' 'Raymond Lee']"
105,106.0,Full Metal Jacket,https://www.imdb.com/title/tt0093058/,1987,Drama,Stanley Kubrick,8.3,"['Matthew Modine' 'R. Lee Ermey' ""Vincent D'Onofrio"" 'Adam Baldwin'
 'Dorian Harewood' 'Kevyn Major Howard' 'Arliss Howard' ""Ed O'Ross""
 'John Terry' 'Kieron Jecchinis' 'Kirk Taylor' 'Tim Colceri'
 'Jon Stafford' 'Bruce Boa' 'Ian Tyler' 'Sal Lopez' 'Gary Landon Mills'
 'Papillon Soo']"
106,107.0,Scarface,https://www.imdb.com/title/tt0086250/,1983,Crime,Brian De Palma,8.3,"['Al Pacino' 'Michelle Pfeiffer' 'Steven Bauer'
 'Mary Elizabeth Mastrantonio' 'Robert Loggia' 'Miriam Colon'
 'F. Murray Abraham' 'Paul Shenar' 'Harris Yulin' 'Angel Salazar'
 'Arnaldo Santana' 'Pepe Serna' 'Michael P. Moran' 'Al Israel'
 'Dennis Holahan' 'Mark Margolis' 'Michael Alldredge' 'Ted Beniades']"
107,108.0,Hamilton,https://www.imdb.com/title/tt8503618/,2020,Biography,Thomas Kail,8.4,"['Lin-Manuel Miranda' 'Phillipa Soo' 'Leslie Odom Jr.'
 'Renee Elise Goldsberry' 'Daveed Diggs' 'Jonathan Groff' 'Chris Jackson'
 'Jasmine Cephas Jones' 'Okieriete Onaodowan' 'Anthony Ramos'
 'Carleigh Bettiol' 'Ariana DeBose' 'Hope Easterbrook'
 'Sydney James Harcourt' 'Sasha Hutchings' 'Thayne Jasperson'
 'Elizabeth Judd' 'Jon Rua']"
108,109.0,Incendies,https://www.imdb.com/title/tt1255953/,2010,Drama,Denis Villeneuve,8.3,"['Lubna Azabal' 'Melissa Desormeaux-Poulin' 'Maxim Gaudette'
 'Mustafa Kamel' 'Hussein Sami' 'Remy Girard' 'Dominique Briand'
 'Frederic Paquet' 'Hamed Najem' 'Ahmad Massad' 'Bader Alami'
 'Majida Hussein' 'Asriah Nijres' 'John Dunn-Hill' 'Nadia Essadiqi'
 'Chaouki Charbel' 'Axel Garbi' 'Amine Benzenine']"
109,110.0,To Kill a Mockingbird,https://www.imdb.com/title/tt0056592/,1962,Crime,Robert Mulligan,8.3,"['Gregory Peck' 'John Megna' 'Frank Overton' 'Rosemary Murphy'
 'Ruth White' 'Brock Peters' 'Estelle Evans' 'Paul Fix'
 'Collin Wilcox Paxton' 'James Anderson' 'Alice Ghostley' 'Robert Duvall'
 'William Windom' 'Crahan Denton' 'Richard Hale' 'Mary Badham'
 'Phillip Alford' 'R.L. Armstrong']"
110,111.0,Heat,https://www.imdb.com/title/tt0113277/,1995,Action,Michael Mann,8.3,"['Al Pacino' 'Robert De Niro' 'Val Kilmer' 'Jon Voight' 'Tom Sizemore'
 'Diane Venora' 'Amy Brenneman' 'Ashley Judd' 'Mykelti Williamson'
 'Wes Studi' 'Ted Levine' 'Dennis Haysbert' 'William Fichtner'
 'Natalie Portman' 'Tom Noonan' 'Kevin Gage' 'Hank Azaria' 'Susan Traylor']"
111,112.0,The Sting,https://www.imdb.com/title/tt0070735/,1973,Comedy,George Roy Hill,8.3,"['Paul Newman' 'Robert Redford' 'Robert Shaw' 'Charles Durning'
 'Ray Walston' 'Eileen Brennan' 'Harold Gould' 'John Heffernan'
 'Dana Elcar' 'Jack Kehoe' 'Dimitra Arliss' 'Robert Earl Jones'
 'James Sloyan' 'Charles Dierkop' 'Lee Paul' 'Sally Kirkland' 'Avon Long'
 'Arch Johnson']"
112,113.0,Up,https://www.imdb.com/title/tt1049413/,2009,Animation,Pete Docter,8.3,"['Edward Asner' 'Jordan Nagai' 'John Ratzenberger' 'Christopher Plummer'
 'Bob Peterson' 'Delroy Lindo' 'Jerome Ranft' 'David Kaye' 'Elie Docter'
 'Jeremy Leary' 'Mickie McGowan' 'Danny Mann' 'Donald Fullilove'
 'Jess Harnell' 'Josh Cooley' 'Pete Docter' 'Mark Andrews' 'Bob Bergen']"
113,114.0,Jodaeiye Nader Az Simin,https://www.imdb.com/title/tt1832382/,2011,Drama,Asghar Farhadi,8.3,"['Payman Maadi' 'Leila Hatami' 'Sareh Bayat' 'Shahab Hosseini'
 'Sarina Farhadi' ""Merila Zare'i"" 'Ali-Asghar Shahbazi' 'Babak Karimi'
 'Kimia Hosseini' 'Shirin Yazdanbakhsh' 'Sohibanoo Zolqadr'
 'Mohammadhasan Asghari' 'Shirin Azimiyannezhad' 'Hamid Dadju'
 'Mohammad Ebrahimian' 'Samad Farhang' 'Ali Fattahi' 'Nafise Ghodrati']"
114,115.0,Taxi Driver,https://www.imdb.com/title/tt0075314/,1976,Crime,Martin Scorsese,8.2,"['Robert De Niro' 'Jodie Foster' 'Cybill Shepherd' 'Albert Brooks'
 'Diahnne Abbott' 'Frank Adu' 'Victor Argo' 'Gino Ardito' 'Garth Avery'
 'Peter Boyle' 'Harry Cohn' 'Copper Cunningham' 'Brenda Dickson'
 'Harry Fischler' 'Nat Grant' 'Leonard Harris' 'Richard Higgs'
 'Beau Kayser']"
115,116.0,Metropolis,https://www.imdb.com/title/tt0017136/,1927,Drama,Fritz Lang,8.3,"['Brigitte Helm' 'Alfred Abel' 'Gustav Frohlich' 'Rudolf Klein-Rogge'
 'Fritz Rasp' 'Theodor Loos' 'Erwin Biswanger' 'Heinrich George'
 'Fritz Alberti' 'Grete Berger' 'Olly Boeheim' 'Max Dietze' 'Ellen Frey'
 'Beatrice Garga' 'Heinrich Gotho' 'Dolly Grey' 'Anny Hintze'
 'Gottfried Huppertz']"
116,117.0,L.A. Confidential,https://www.imdb.com/title/tt0119488/,1997,Crime,Curtis Hanson,8.2,"['Kevin Spacey' 'Russell Crowe' 'Guy Pearce' 'Kim Basinger'
 'James Cromwell' 'Danny DeVito' 'David Strathairn' 'Ron Rifkin'
 'Matt McCoy' 'Paul Guilfoyle' 'Paolo Seganti' 'Elisabeth Granli'
 'Sandra Taylor' 'Steve Rankin' 'Graham Beckel' 'Allan Graf'
 'Precious Chong' 'Symba']"
117,118.0,Die Hard,https://www.imdb.com/title/tt0095016/,1988,Action,John McTiernan,8.2,"['Bruce Willis' 'Alan Rickman' 'Bonnie Bedelia' 'Reginald VelJohnson'
 'Paul Gleason' ""De'voreaux White"" 'William Atherton' 'Hart Bochner'
 'James Shigeta' 'Alexander Godunov' 'Bruno Doyon' 'Andreas Wisniewski'
 'Clarence Gilyard Jr.' 'Joseph Plewa' 'Lorenzo Caccialanza' 'Gerard Bonn'
 'Dennis Hayden' 'Al Leong']"
118,119.0,Snatch,https://www.imdb.com/title/tt0208092/,2000,Comedy,Guy Ritchie,8.2,"['Jason Statham' 'Brad Pitt' 'Stephen Graham' 'Vinnie Jones' 'Ade'
 'William Beck' 'Andy Beckwith' 'Ewen Bremner' 'Jason Buckham'
 'Mickey Cantwell' 'Nicola Collins' 'Teena Collins' 'Charles Cork'
 'James Cunningham' 'Sorcha Cusack' 'Mickey Dee' 'Benicio Del Toro'
 'Sam Douglas']"
119,120.0,Indiana Jones and the Last Crusade,https://www.imdb.com/title/tt0097576/,1989,Action,Steven Spielberg,8.2,"['Harrison Ford' 'Sean Connery' 'Alison Doody' 'Denholm Elliott'
 'John Rhys-Davies' 'Julian Glover' 'River Phoenix' 'Michael Byrne'
 'Kevork Malikyan' 'Robert Eddison' 'Richard Young' 'Alexei Sayle'
 'Alex Hyde-White' 'Paul Maxwell' 'Isla Blair' 'Vernon Dobtcheff'
 'J.J. Hardy' 'Bradley Gregg']"
120,121.0,Ladri Di Biciclette,https://www.imdb.com/title/tt0040522/,1948,Drama,Vittorio De Sica,8.3,"['Lamberto Maggiorani' 'Enzo Staiola' 'Lianella Carell' 'Elena Altieri'
 'Gino Saltamerenda' 'Giulio Chiari' 'Vittorio Antonucci' 'Michele Sakara'
 'Fausto Guerzoni' 'Emma Druetti' 'Carlo Jachino' 'Giulio Battiferri'
 'Ida Bracci Dorati' 'Nando Bruno' 'Eolo Capritti' 'Memmo Carotenuto'
 'Giovanni Corporale' 'Veriano Ginesi']"
121,122.0,Taare Zameen Par,https://www.imdb.com/title/tt0986264/,2007,Drama,Aamir Khan,8.3,"['Darsheel Safary' 'Aamir Khan' 'Tisca Chopra' 'Vipin Sharma'
 'Sachet Engineer' 'Tanay Chheda' 'Lalitha Lajmi' 'Girija Oak'
 'Ravi Khanvilkar' 'Pratima Kulkarni' 'Meghna Malik' 'Sonali Sachdev'
 'Sanjay Dadhich' 'Rajgopal Iyer' 'Bugs Bhargava Krishna'
 'Shankar Sachdev' 'M.K. Raina' 'Gurkirtan']"
122,123.0,1917,https://www.imdb.com/title/tt8579674/,2019,Action,Sam Mendes,8.2,"['Dean-Charles Chapman' 'George MacKay' 'Daniel Mays' 'Colin Firth'
 'Pip Carter' 'Andy Apollo' 'Paul Tinto' 'Josef Davies'
 'Billy Postlethwaite' 'Gabriel Akuwudike' 'Andrew Scott' 'Spike Leighton'
 'Robert Maaser' 'Gerran Howell' 'Adam Hugill' 'Mark Strong'
 'Richard McCabe' 'Benjamin Adams']"
123,124.0,Der Untergang,https://www.imdb.com/title/tt0363163/,2004,Biography,Oliver Hirschbiegel,8.2,"['Bruno Ganz' 'Alexandra Maria Lara' 'Ulrich Matthes' 'Juliane Kohler'
 'Corinna Harfouch' 'Heino Ferch' 'Christian Berkel' 'Matthias Habich'
 'Thomas Kretschmann' 'Michael Mendl' 'Andre Hennicke' 'Ulrich Noethen'
 'Birgit Minichmayr' 'Rolf Kanies' 'Justus von Dohnanyi' 'Dieter Mann'
 'Christian Redl' 'Gotz Otto']"
124,125.0,Dangal,https://www.imdb.com/title/tt5074352/,2016,Action,Nitesh Tiwari,8.3,"['Aamir Khan' 'Sakshi Tanwar' 'Fatima Sana Shaikh' 'Sanya Malhotra'
 'Aparshakti Khurana' 'Zaira Wasim' 'Suhani Bhatnagar' 'Ritvik Sahore'
 'Girish Kulkarni' 'Ravi Aneja' 'Anurag Arora' 'Mahesh Balraj'
 'Vivan Bhatena' 'Anmol Charan' 'Karamveer Choudhary' 'Ishika Gagneja'
 'Badrul Islam' 'Jagbir']"
125,126.0,Per qualche dollaro in più,https://www.imdb.com/title/tt0059578/,1965,Western,Sergio Leone,8.2,"['Clint Eastwood' 'Lee Van Cleef' 'Gian Maria Volonte' 'Mara Krupp'
 'Luigi Pistilli' 'Klaus Kinski' 'Luis Rodriguez' 'Benito Stefanelli'
 'Panos Papadopulos' 'Aldo Sambrell' 'Roberto Camardiel' 'Joseph Egger'
 'Tomas Blanco' 'Lorenzo Robledo' 'Dante Maggio' 'Sergio Mendizabal'
 'Diana Rabito' 'Giovanni Tarallo']"
126,127.0,Batman Begins,https://www.imdb.com/title/tt0372784/,2005,Action,Christopher Nolan,8.2,"['Christian Bale' 'Michael Caine' 'Ken Watanabe' 'Liam Neeson'
 'Katie Holmes' 'Gary Oldman' 'Cillian Murphy' 'Tom Wilkinson'
 'Rutger Hauer' 'Mark Boone Junior' 'Linus Roache' 'Morgan Freeman'
 'Larry Holden' 'Gerard Murphy' 'Colin McFarlane' 'Sara Stewart'
 'Gus Lewis' 'Richard Brake']"
127,128.0,The Kid,https://www.imdb.com/title/tt0012349/,1921,Comedy,Charles Chaplin,8.3,"['Charles Chaplin' 'Edna Purviance' 'Jackie Coogan' 'Carl Miller'
 'Albert Austin' 'Beulah Bains' 'Nellie Bly Baker' 'Henry Bergman'
 'Edward Biby' 'B.F. Blinn' 'Kitty Bradbury' 'Frank Campeau'
 'Bliss Chevalier' 'Frances Cochran' 'Elsie Codd' 'Jack Coogan Sr.'
 'Estelle Cook' 'Lillian Crane']"
128,129.0,Some Like It Hot,https://www.imdb.com/title/tt0053291/,1959,Comedy,Billy Wilder,8.2,"['Marilyn Monroe' 'Tony Curtis' 'Jack Lemmon' 'George Raft' ""Pat O'Brien""
 'Joe E. Brown' 'Nehemiah Persoff' 'Joan Shawlee' 'Billy Gray'
 'George E. Stone' 'Dave Barry' 'Mike Mazurki' 'Harry Wilson'
 'Beverly Wills' 'Barbara Drew' 'Edward G. Robinson Jr.' 'Sam Bagley'
 'Brandon Beach']"
129,130.0,The Father,https://www.imdb.com/title/tt10272386/,2020,Drama,Florian Zeller,8.2,"['Anthony Hopkins' 'Olivia Colman' 'Mark Gatiss' 'Olivia Williams'
 'Imogen Poots' 'Rufus Sewell' 'Ayesha Dharker' 'Roman Zeller'
 'Adnan Kundi' 'Brian Rodger' 'Evie Wray']"
130,131.0,All About Eve,https://www.imdb.com/title/tt0042192/,1950,Drama,Joseph L. Mankiewicz,8.2,"['Bette Davis' 'Anne Baxter' 'George Sanders' 'Celeste Holm'
 'Gary Merrill' 'Hugh Marlowe' 'Gregory Ratoff' 'Barbara Bates'
 'Marilyn Monroe' 'Thelma Ritter' 'Walter Hampden' 'Randy Stuart'
 'Craig Hill' 'Leland Harris' 'Barbara White' 'Eddie Fisher'
 'William Pullen' 'Claude Stroud']"
131,132.0,Green Book,https://www.imdb.com/title/tt6966692/,2018,Biography,Peter Farrelly,8.2,"['Viggo Mortensen' 'Mahershala Ali' 'Linda Cardellini'
 'Sebastian Maniscalco' 'Dimiter D. Marinov' 'Mike Hatton' 'P.J. Byrne'
 'Joe Cortese' 'Maggie Nixon' 'Von Lewis' 'Jon Sortland' 'Don Stark'
 'Anthony Mangano' 'Paul Sloan' 'Quinn Duffy' 'Seth Hurwitz'
 'Hudson Galloway' 'Gavin Lyle Foley']"
132,133.0,The Wolf of Wall Street,https://www.imdb.com/title/tt0993846/,2013,Biography,Martin Scorsese,8.2,"['Leonardo DiCaprio' 'Jonah Hill' 'Margot Robbie' 'Matthew McConaughey'
 'Kyle Chandler' 'Rob Reiner' 'Jon Bernthal' 'Jon Favreau' 'Jean Dujardin'
 'Joanna Lumley' 'Cristin Milioti' 'Christine Ebersole' 'Shea Whigham'
 'Katarina Cas' 'P.J. Byrne' 'Kenneth Choi' 'Brian Sacca'
 'Henry Zebrowski']"
133,134.0,Judgment at Nuremberg,https://www.imdb.com/title/tt0055031/,1961,Drama,Stanley Kramer,8.3,"['Spencer Tracy' 'Burt Lancaster' 'Richard Widmark' 'Marlene Dietrich'
 'Maximilian Schell' 'Judy Garland' 'Montgomery Clift' 'William Shatner'
 'Werner Klemperer' 'Kenneth MacKenna' 'Torben Meyer' 'Joseph Bernard'
 'Alan Baxter' 'Edward Binns' 'Virginia Christine' 'Otto Waldis'
 'Karl Swenson' 'Martin Brandt']"
134,135.0,Casino,https://www.imdb.com/title/tt0112641/,1995,Crime,Martin Scorsese,8.2,"['Robert De Niro' 'Sharon Stone' 'Joe Pesci' 'James Woods' 'Don Rickles'
 'Alan King' 'Kevin Pollak' 'L.Q. Jones' 'Dick Smothers' 'Frank Vincent'
 'John Bloom' 'Pasquale Cajano' 'Melissa Prophet' 'Bill Allison'
 'Vinny Vella' 'Philip Suriano' 'Erika von Tagen' 'Frankie Avalon']"
135,136.0,Ran,https://www.imdb.com/title/tt0089881/,1985,Action,Akira Kurosawa,8.2,"['Tatsuya Nakadai' 'Akira Terao' 'Jinpachi Nezu' 'Daisuke Ryu'
 'Mieko Harada' 'Yoshiko Miyazaki' 'Hisashi Igawa' 'Pita' 'Masayuki Yui'
 'Kazuo Kato' 'Norio Matsui' 'Toshiya Ito' 'Kenji Kodama'
 'Takashi Watanabe' 'Mansai Nomura' 'Takeshi Kato' 'Jun Tazaki'
 'Hitoshi Ueki']"
136,137.0,El Laberinto Del Fauno,https://www.imdb.com/title/tt0457430/,2006,Drama,Guillermo del Toro,8.2,"['Ivana Baquero' 'Ariadna Gil' 'Sergi Lopez' 'Maribel Verdu' 'Doug Jones'
 'Alex Angulo' 'Manolo Solo' 'Cesar Vea' 'Roger Casamajor' 'Ivan Massague'
 'Gonzalo Uriarte' 'Eusebio Lazaro' 'Francisco Vidal' 'Juanjo Cucalon'
 'Lina Mira' 'Mario Zorrilla' 'Sebastian Haro' 'Mila Espiga']"
137,138.0,The Truman Show,https://www.imdb.com/title/tt0120382/,1998,Comedy,Peter Weir,8.2,"['Jim Carrey' 'Ed Harris' 'Laura Linney' 'Noah Emmerich'
 'Natascha McElhone' 'Holland Taylor' 'Brian Delate' 'Blair Slater'
 'Peter Krause' 'Heidi Schanz' 'Ron Taylor' 'Don Taylor' 'Ted Raymond'
 'Judy Clayton' 'Fritz Dominique' 'Angel Schmiedt' 'Nastassja Schmiedt'
 'Muriel Moore']"
138,139.0,There Will Be Blood,https://www.imdb.com/title/tt0469494/,2007,Drama,Paul Thomas Anderson,8.2,"['Daniel Day-Lewis' 'Paul Dano' 'Ciaran Hinds' 'Martin Stringer'
 'Matthew Braden Stringer' 'Jacob Stringer' 'Joseph Mussey'
 'Barry Del Sherman' 'Harrison Taylor' 'Stockton Taylor'
 'Paul F. Tompkins' 'Dillon Freasier' 'Kevin Breznahan' 'Jim Meskimen'
 'Erica Sullivan' 'Randall Carver' 'Coco Leigh' 'Sydney McCallister']"
139,140.0,Unforgiven,https://www.imdb.com/title/tt0105695/,1992,Drama,Clint Eastwood,8.2,"['Clint Eastwood' 'Gene Hackman' 'Morgan Freeman' 'Richard Harris'
 'Jaimz Woolvett' 'Saul Rubinek' 'Frances Fisher' 'Anna Thomson'
 'David Mucci' 'Rob Campbell' 'Anthony James' 'Tara Frederick'
 'Beverley Elliott' 'Liisa Repo-Martell' 'Josie Smith' 'Shane Meier'
 'Aline Levasseur' 'Cherrilene Cardinal']"
140,141.0,The Sixth Sense,https://www.imdb.com/title/tt0167404/,1999,Drama,M. Night Shyamalan,8.2,"['Bruce Willis' 'Haley Joel Osment' 'Toni Collette' 'Olivia Williams'
 'Trevor Morgan' 'Donnie Wahlberg' 'Peter Anthony Tambakis'
 'Jeffrey Zubernis' 'Bruce Norris' 'Glenn Fitzgerald' 'Greg Wood'
 'Mischa Barton' 'Angelica Page' 'Lisa Summerour' 'Firdous Bamji'
 'Samia Shoaib' 'Hayden Saunier' 'Janis Dardaris']"
141,142.0,Shutter Island,https://www.imdb.com/title/tt1130884/,2010,Mystery,Martin Scorsese,8.2,"['Leonardo DiCaprio' 'Emily Mortimer' 'Mark Ruffalo' 'Ben Kingsley'
 'Max von Sydow' 'Michelle Williams' 'Patricia Clarkson'
 'Jackie Earle Haley' 'Ted Levine' 'John Carroll Lynch' 'Elias Koteas'
 'Robin Bartlett' 'Christopher Denham' 'Nellie Sciutto' 'Joseph Sikora'
 'Curtiss Cook' 'Raymond Anthony Thomas' 'Joseph McKenna']"
142,143.0,A Beautiful Mind,https://www.imdb.com/title/tt0268978/,2001,Biography,Ron Howard,8.2,"['Russell Crowe' 'Ed Harris' 'Jennifer Connelly' 'Christopher Plummer'
 'Paul Bettany' 'Adam Goldberg' 'Josh Lucas' 'Anthony Rapp'
 'Jason Gray-Stanford' 'Judd Hirsch' 'Austin Pendleton' 'Vivien Cardone'
 'Jillie Simon' 'Victor Steinbach' 'Tanya Clarke' 'Thomas F. Walsh'
 'Jesse Doran' 'Kent Cassella']"
143,144.0,Jurassic Park,https://www.imdb.com/title/tt0107290/,1993,Action,Steven Spielberg,8.2,"['Sam Neill' 'Laura Dern' 'Jeff Goldblum' 'Richard Attenborough'
 'Bob Peck' 'Martin Ferrero' 'BD Wong' 'Joseph Mazzello' 'Ariana Richards'
 'Samuel L. Jackson' 'Wayne Knight' 'Gerald R. Molen' 'Miguel Sandoval'
 'Cameron Thor' 'Christopher John Fields' 'Whit Hertford' 'Dean Cundey'
 'Jophery C. Brown']"
144,145.0,Yôjinbô,https://www.imdb.com/title/tt0055630/,1961,Action,Akira Kurosawa,8.2,"['Toshiro Mifune' 'Eijiro Tono' 'Tatsuya Nakadai' 'Yoko Tsukasa'
 'Isuzu Yamada' 'Daisuke Kato' 'Seizaburo Kawazu' 'Takashi Shimura'
 'Hiroshi Tachikawa' 'Yosuke Natsuki' 'Kamatari Fujiwara' 'Ikio Sawamura'
 'Atsushi Watanabe' 'Susumu Fujita' 'Kyu Sazanka' 'Ko Nishimura'
 'Takeshi Kato' 'Ichiro Nakatani']"
145,146.0,The Treasure of the Sierra Madre,https://www.imdb.com/title/tt0040897/,1948,Adventure,John Huston,8.2,"['Humphrey Bogart' 'Walter Huston' 'Tim Holt' 'Bruce Bennett'
 'Barton MacLane' 'Alfonso Bedoya' 'Arturo Soto Rangel' 'Manuel Donde'
 'Jose Torvay' 'Margarito Luna' 'Robert Blake' 'Guillermo Calles'
 'Roberto Canedo' 'Spencer Chan' 'Jacqueline Dalya' 'Ralph Dunn'
 'Ernesto Escoto' 'Pat Flaherty']"
146,147.0,Monty Python and the Holy Grail,https://www.imdb.com/title/tt0071853/,1975,Adventure,Terry Gilliam,8.2,"['Graham Chapman' 'John Cleese' 'Eric Idle' 'Terry Gilliam' 'Terry Jones'
 'Michael Palin' 'Connie Booth' 'Carol Cleveland' 'Neil Innes'
 'Bee Duffell' 'John Young' 'Rita Davies' 'Avril Stewart' 'Sally Kinghorn'
 'Mark Zycon' 'Elspeth Cameron' 'Mitsuko Forstater' 'Sandy Johnson']"
147,148.0,The Great Escape,https://www.imdb.com/title/tt0057115/,1963,Adventure,John Sturges,8.2,"['Steve McQueen' 'James Garner' 'Richard Attenborough' 'Charles Bronson'
 'James Donald' 'Donald Pleasence' 'James Coburn' 'Hannes Messemer'
 'David McCallum' 'Gordon Jackson' 'John Leyton' 'Angus Lennie'
 'Nigel Stock' 'Robert Graf' 'Jud Taylor' 'Hans Reiser' 'Harry Riebauer'
 'William Russell']"
148,149.0,No Country for Old Men,https://www.imdb.com/title/tt0477348/,2007,Crime,Ethan Coen,8.2,"['Tommy Lee Jones' 'Javier Bardem' 'Josh Brolin' 'Woody Harrelson'
 'Kelly Macdonald' 'Garret Dillahunt' 'Tess Harper' 'Barry Corbin'
 'Stephen Root' 'Rodger Boyce' 'Beth Grant' 'Ana Reeder' 'Kit Gwin'
 'Zach Hopkins' 'Chip Love' 'Eduardo Antonio Garcia' 'Gene Jones'
 'Myk Watford']"
149,150.0,Spider-Man: No Way Home,https://www.imdb.com/title/tt10872600/,2021,Action,Jon Watts,8.2,"['Tom Holland' 'Zendaya' 'Benedict Cumberbatch' 'Jacob Batalon'
 'Jon Favreau' 'Jamie Foxx' 'Willem Dafoe' 'Alfred Molina' 'Benedict Wong'
 'Tony Revolori' 'Marisa Tomei' 'Andrew Garfield' 'Tobey Maguire'
 'Angourie Rice' 'Arian Moayed' 'Paula Newsome' 'Hannibal Buress'
 'Martin Starr']"
150,151.0,Kill Bill: Vol. 1,https://www.imdb.com/title/tt0266697/,2003,Action,Quentin Tarantino,8.2,"['Uma Thurman' 'David Carradine' 'Daryl Hannah' 'Michael Madsen'
 'Lucy Liu' 'Vivica A. Fox' 'Julie Dreyfus' 'Chiaki Kuriyama'
 ""Shin'ichi Chiba"" 'Chia-Hui Liu' 'Michael Parks' 'Michael Bowen'
 'Jun Kunimura' 'Kenji Oba' 'Yuki Kazamatsuri' 'James Parks'
 'Sakichi Sato' 'Jonathan Loughran']"
151,152.0,Rashōmon,https://www.imdb.com/title/tt0042876/,1950,Crime,Akira Kurosawa,8.2,"['Toshiro Mifune' 'Machiko Kyo' 'Masayuki Mori' 'Takashi Shimura'
 'Minoru Chiaki' 'Kichijiro Ueda' 'Noriko Honma' 'Daisuke Kato']"
152,153.0,The Thing,https://www.imdb.com/title/tt0084787/,1982,Horror,John Carpenter,8.2,"['Kurt Russell' 'Wilford Brimley' 'Keith David' 'Richard Masur'
 'T.K. Carter' 'David Clennon' 'Richard Dysart' 'Charles Hallahan'
 'Peter Maloney' 'Donald Moffat' 'Joel Polis' 'Thomas G. Waites'
 'Norbert Weisser' 'Larry Franco' 'Nate Irwin' 'William Zeman'
 'Adrienne Barbeau' 'John Carpenter']"
153,154.0,Finding Nemo,https://www.imdb.com/title/tt0266543/,2003,Animation,Andrew Stanton,8.2,"['Albert Brooks' 'Ellen DeGeneres' 'Alexander Gould' 'Willem Dafoe'
 'Brad Garrett' 'Allison Janney' 'Austin Pendleton' 'Stephen Root'
 'Vicki Lewis' 'Joe Ranft' 'Geoffrey Rush' 'Andrew Stanton'
 'Elizabeth Perkins' 'Nicholas Bird' 'Bob Peterson' 'Barry Humphries'
 'Eric Bana' 'Bruce Spence']"
154,155.0,The Elephant Man,https://www.imdb.com/title/tt0080678/,1980,Biography,David Lynch,8.2,"['Anthony Hopkins' 'John Hurt' 'Anne Bancroft' 'John Gielgud'
 'Wendy Hiller' 'Freddie Jones' 'Michael Elphick' 'Hannah Gordon'
 'Helen Ryan' 'John Standing' 'Dexter Fletcher' 'Lesley Dunlop'
 'Phoebe Nicholls' 'Pat Gorman' 'Claire Davenport' 'Orla Pederson'
 'Patsy Smart' 'Frederick Treves']"
155,156.0,Chinatown,https://www.imdb.com/title/tt0071315/,1974,Drama,Roman Polanski,8.2,"['Jack Nicholson' 'Faye Dunaway' 'John Huston' 'Perry Lopez'
 'John Hillerman' 'Darrell Zwerling' 'Diane Ladd' 'Roy Jenson'
 'Roman Polanski' 'Richard Bakalyan' 'Joe Mantell' 'Bruce Glover'
 'Nandu Hinds' ""James O'Rear"" 'James Hong' 'Beulah Quo' 'Jerry Fujikawa'
 'Belinda Palmer']"
156,157.0,Raging Bull,https://www.imdb.com/title/tt0081398/,1980,Biography,Martin Scorsese,8.2,"['Robert De Niro' 'Cathy Moriarty' 'Joe Pesci' 'Frank Vincent'
 'Nicholas Colasanto' 'Theresa Saldana' 'Mario Gallo' 'Frank Adonis'
 'Joseph Bono' 'Frank Topham' 'Lori Anne Flax' 'Charles Scorsese'
 'Don Dunphy' 'Bill Hanrahan' 'Rita Bennett' 'James V. Christy'
 'Bernie Allen' 'Floyd Anderson']"
157,158.0,V for Vendetta,https://www.imdb.com/title/tt0434409/,2005,Action,James McTeigue,8.2,"['Hugo Weaving' 'Natalie Portman' 'Rupert Graves' 'Stephen Rea'
 'Stephen Fry' 'John Hurt' 'Tim Pigott-Smith' 'Roger Allam' 'Ben Miles'
 'Sinead Cusack' 'Natasha Wightman' 'John Standing' 'Eddie Marsan'
 'Clive Ashborn' 'Emma Field-Rayner' 'Ian Burfield' 'Mark Phoenix'
 'Alister Mazzotti']"
158,159.0,Gone with the Wind,https://www.imdb.com/title/tt0031381/,1939,Drama,Victor Fleming,8.2,"['Clark Gable' 'Vivien Leigh' 'Thomas Mitchell' ""Barbara O'Neil""
 'Evelyn Keyes' 'Ann Rutherford' 'George Reeves' 'Fred Crane'
 'Hattie McDaniel' 'Oscar Polk' 'Butterfly McQueen' 'Victor Jory'
 'Everett Brown' 'Howard Hickman' 'Alicia Rhett' 'Leslie Howard'
 'Olivia de Havilland' 'Rand Brooks']"
159,160.0,"Lock, Stock and Two Smoking Barrels",https://www.imdb.com/title/tt0120735/,1998,Action,Guy Ritchie,8.2,"['Jason Flemyng' 'Dexter Fletcher' 'Nick Moran' 'Jason Statham'
 'Steven Mackintosh' 'Nicholas Rowe' 'Nick Marcq' 'Charles Forbes'
 'Vinnie Jones' 'Lenny McLean' 'Peter McNicholl' 'P.H. Moriarty'
 'Frank Harper' 'Steve Sweeney' 'Huggy Leaver' 'Ronnie Fox' 'Tony McMahon'
 'Stephen Marcus']"
160,161.0,Inside Out,https://www.imdb.com/title/tt2096673/,2015,Animation,Pete Docter,8.2,"['Amy Poehler' 'Bill Hader' 'Lewis Black' 'Mindy Kaling' 'Phyllis Smith'
 'Richard Kind' 'Kaitlyn Dias' 'Diane Lane' 'Kyle MacLachlan'
 'Paula Poundstone' 'Bobby Moynihan' 'Paula Pell' 'Dave Goelz' 'Frank Oz'
 'Josh Cooley' 'Flea' 'John Ratzenberger' 'Carlos Alazraqui']"
161,162.0,Dial M for Murder,https://www.imdb.com/title/tt0046912/,1954,Crime,Alfred Hitchcock,8.2,"['Ray Milland' 'Grace Kelly' 'Robert Cummings' 'John Williams'
 'Anthony Dawson' 'Leo Britt' 'Patrick Allen' 'George Leigh'
 'George Alderson' 'Robin Hughes' 'Richard Bender' 'Robin Sanders Clark'
 'Jack Cunningham' 'Robert Dobson' 'Guy Doleman' 'Bess Flowers'
 'Robert Garvin' 'Herschel Graham']"
162,163.0,El Secreto De Sus Ojos,https://www.imdb.com/title/tt1305806/,2009,Drama,Juan José Campanella,8.2,"['Ricardo Darin' 'Soledad Villamil' 'Pablo Rago' 'Carla Quevedo'
 'Javier Godino' 'Barbara Palladino' 'Rudy Romano' 'Alejandro Abelenda'
 'Mario Alarcon' 'Guillermo Francella' 'Sebastian Blanco'
 'Mariano Argento' 'Jose Luis Gioia' 'Juan Jose Ortiz' 'Kiko Cerone'
 'Fernando Pardo' 'Maximiliano Trento' 'Sergio Santana']"
163,164.0,Hauru No Ugoku Shiro,https://www.imdb.com/title/tt0347149/,2004,Animation,Hayao Miyazaki,8.2,"['Chieko Baisho' 'Takuya Kimura' 'Tatsuya Gashuin' 'Akihiro Miwa'
 'Ryunosuke Kamiki' 'Mitsunori Isaki' 'Yo Oizumi' 'Akio Otsuka'
 'Daijiro Harada' 'Haruko Kato' 'Jean Simmons' 'Christian Bale'
 'Lauren Bacall' 'Blythe Danner' 'Emily Mortimer' 'Josh Hutcherson'
 'Billy Crystal' 'Jena Malone']"
164,165.0,"Three Billboards Outside Ebbing, Missouri",https://www.imdb.com/title/tt5027774/,2017,Comedy,Martin McDonagh,8.1,"['Frances McDormand' 'Woody Harrelson' 'Sam Rockwell' 'Caleb Landry Jones'
 'Kerry Condon' 'Alejandro Barrios' 'Clarke Peters' 'Darrell Britt-Gibson'
 'Abbie Cornish' 'Riya May Atwood' 'Selah Atwood' 'Lucas Hedges'
 'Zeljko Ivanek' 'Amanda Warren' 'Malaya Rivera Drew' 'Sandy Martin'
 'Peter Dinklage' 'Christopher Berry']"
165,166.0,The Bridge on the River Kwai,https://www.imdb.com/title/tt0050212/,1957,Adventure,David Lean,8.2,"['William Holden' 'Alec Guinness' 'Jack Hawkins' 'Sessue Hayakawa'
 'James Donald' 'Geoffrey Horne' 'Andre Morell' 'Peter Williams'
 'John Boxer' 'Percy Herbert' 'Harold Goodwin' 'Ann Sears'
 'Heihachiro Okawa' 'Keiichiro Katsumoto' 'M.R.B. Chakrabandhu'
 'Vilaiwan Seeboonreaung' 'Ngamta Suphaphongs' 'Javanart Punynchoti']"
166,167.0,Trainspotting,https://www.imdb.com/title/tt0117951/,1996,Drama,Danny Boyle,8.1,"['Ewan McGregor' 'Ewen Bremner' 'Jonny Lee Miller' 'Kevin McKidd'
 'Robert Carlyle' 'Kelly Macdonald' 'Peter Mullan' 'James Cosmo'
 'Eileen Nicholas' 'Susan Vidler' 'Pauline Lynch' 'Shirley Henderson'
 'Stuart McQuarrie' 'Irvine Welsh' 'Dale Winton' 'Keith Allen'
 'Kevin Allen' 'Annie Louise Ross']"
167,168.0,Prisoners,https://www.imdb.com/title/tt1392214/,2013,Crime,Denis Villeneuve,8.1,"['Hugh Jackman' 'Jake Gyllenhaal' 'Viola Davis' 'Melissa Leo'
 'Maria Bello' 'Terrence Howard' 'Paul Dano' 'Dylan Minnette' 'Zoe Soul'
 'Erin Gerasimovich' 'Kyla-Drew' 'Wayne Duvall' 'Len Cariou'
 'David Dastmalchian' 'Brad James' 'Anthony Reynolds'
 'Robert C. Treveiler' 'Sandra Ellis Lafferty']"
168,169.0,Warrior,https://www.imdb.com/title/tt1291584/,2011,Action,Gavin O'Connor,8.2,"['Tom Hardy' 'Nick Nolte' 'Joel Edgerton' 'Jennifer Morrison'
 'Frank Grillo' 'Kevin Dunn' 'Maximiliano Hernandez' 'Bryan Callen'
 'Sam Sheridan' 'Fernando Chien' 'Jake McLaughlin' 'Vanessa Martinez'
 'Denzel Whitaker' 'Carlos Miranda' 'Nick Lehane' 'Laura Chinn'
 'Capri Thomas' 'Lexi Cowan']"
169,170.0,Fargo,https://www.imdb.com/title/tt0116282/,1996,Crime,Joel Coen,8.1,"['William H. Macy' 'Frances McDormand' 'Steve Buscemi' 'Peter Stormare'
 'Kristin Rudrud' 'Harve Presnell' 'Tony Denman' 'Gary Houston'
 'Sally Wingert' 'Kurt Schweickhardt' 'Larissa Kokernot'
 'Melissa Peterman' 'Steve Reevis' 'Warren Keith' 'Steve Edelman'
 'Sharon Anderson' 'Larry Brandenburg' 'James Gaulke']"
170,171.0,Gran Torino,https://www.imdb.com/title/tt1205489/,2008,Drama,Clint Eastwood,8.1,"['Clint Eastwood' 'Bee Vang' 'Christopher Carley' 'Ahney Her'
 'Brian Haley' 'Geraldine Hughes' 'Dreama Walker' 'Brian Howe'
 'John Carroll Lynch' 'William Hill' 'Brooke Chia Thao' 'Chee Thao'
 'Choua Kue' 'Scott Eastwood' 'Xia Soua Chang' 'Sonny Vue' 'Doua Moua'
 'Greg Trzaskoma']"
171,172.0,My Neighbour Totoro,https://www.imdb.com/title/tt0096283/,1988,Animation,Hayao Miyazaki,8.1,"['Hitoshi Takagi' 'Noriko Hidaka' 'Chika Sakamoto' 'Shigesato Itoi'
 'Sumi Shimamoto' 'Tanie Kitabayashi' 'Hiroko Maruyama' 'Machiko Washio'
 'Reiko Suzuki' 'Masashi Hirose' 'Toshiyuki Amagasa' 'Shigeru Chiba'
 'Naoki Tatsuta' 'Tarako' 'Tomohiro Nishimura' 'Mitsuko Ishida'
 'Chie Kojiro' 'Daiki Nakamura']"
172,173.0,Catch Me If You Can,https://www.imdb.com/title/tt0264464/,2002,Biography,Steven Spielberg,8.1,"['Leonardo DiCaprio' 'Tom Hanks' 'Christopher Walken' 'Martin Sheen'
 'Nathalie Baye' 'Amy Adams' 'James Brolin' 'Brian Howe'
 'Frank John Hughes' 'Steve Eastin' 'Chris Ellis' 'John Finn'
 'Jennifer Garner' 'Nancy Lenehan' 'Ellen Pompeo' 'Elizabeth Banks'
 'Guy Thauvette' 'Candice Azzara']"
173,174.0,Million Dollar Baby,https://www.imdb.com/title/tt0405159/,2004,Drama,Clint Eastwood,8.1,"['Hilary Swank' 'Clint Eastwood' 'Morgan Freeman' 'Jay Baruchel'
 'Mike Colter' 'Lucia Rijker' ""Brian F. O'Byrne"" 'Anthony Mackie'
 'Margo Martindale' 'Riki Lindhome' 'Michael Pena' 'Benito Martinez'
 'Bruce MacVittie' 'David Powledge' ""Joe D'Angerio"" 'Marcus Chait'
 'Tom McCleister' 'Erica Grant']"
174,175.0,Bacheha-Ye Aseman,https://www.imdb.com/title/tt0118849/,1997,Drama,Majid Majidi,8.2,"['Mohammad Amir Naji' 'Amir Farrokh Hashemian' 'Bahare Seddiqi'
 'Nafise Jafar-Mohammadi' 'Fereshte Sarabandi' 'Kamal Mirkarimi'
 'Behzad Rafi' 'Dariush Mokhtari' 'Mohammad-Hasan Hosseinian'
 'Masume Dair' 'Kambiz Peykarnegar' 'Hasan Roohparvari'
 'Abbas-Ali Roomandi' 'Jafar Seyfollahi' 'Qolamreza Maleki' 'Zahra Mirzai'
 'Sara Zamani' 'Mohammad Haj-Hosseini']"
175,176.0,Blade Runner,https://www.imdb.com/title/tt0083658/,1982,Action,Ridley Scott,8.1,"['Harrison Ford' 'Rutger Hauer' 'Sean Young' 'Edward James Olmos'
 'M. Emmet Walsh' 'Daryl Hannah' 'William Sanderson' 'Brion James'
 'Joe Turkel' 'Joanna Cassidy' 'James Hong' 'Morgan Paull'
 'Kevin Thompson' 'John Edward Allen' 'Hy Pyke' 'Kimiko Hiroshige'
 'Bob Okazaki' 'Carolyn DeMirjian']"
176,177.0,The Gold Rush,https://www.imdb.com/title/tt0015864/,1925,Adventure,Charles Chaplin,8.1,"['Charles Chaplin' 'Mack Swain' 'Tom Murray' 'Henry Bergman'
 'Malcolm Waite' 'Georgia Hale' 'Jack Adams' 'Frank Aderias'
 'Leona Aderias' 'Lillian Adrian' 'Sam Allen' 'Claude Anderson'
 'Harry Arras' 'Albert Austin' 'Marta Belfort' 'William Bell'
 'Francis Bernhardt' 'F.J. Beuaregard']"
177,178.0,Before Sunrise,https://www.imdb.com/title/tt0112471/,1995,Drama,Richard Linklater,8.1,"['Ethan Hawke' 'Julie Delpy' 'Andrea Eckert' 'Hanno Poschl'
 'Karl Bruckschwaiger' 'Tex Rubinowitz' 'Erni Mangold' 'Dominik Castell'
 'Haymon Maria Buttinger' 'Harald Waiglein' 'Bilge Jeschim' 'Kurti'
 'Hans Weingartner' 'Liese Lyon' 'Peter Ily Huemer' 'Otto Reiter'
 'Hubert Fabian Kulterer' 'Branko Andric']"
178,179.0,12 Years a Slave,https://www.imdb.com/title/tt2024544/,2013,Biography,Steve McQueen,8.1,"['Chiwetel Ejiofor' 'Michael Kenneth Williams' 'Michael Fassbender'
 'Brad Pitt' 'Dwight Henry' 'Dickie Gravois' 'Bryan Batt' 'Ashley Dyke'
 'Kelsey Scott' 'Quvenzhane Wallis' 'Cameron Zeigler' 'Tony Bentley'
 'Scoot McNairy' 'Taran Killam' 'Christopher Berry' 'Bill Camp'
 'Mister Mackey Jr.' 'Chris Chalk']"
179,180.0,Klaus,https://www.imdb.com/title/tt4729430/,2019,Animation,Sergio Pablos,8.2,"['Jason Schwartzman' 'J.K. Simmons' 'Rashida Jones' 'Will Sasso'
 'Neda Margrethe Labba' 'Sergio Pablos' 'Norm MacDonald' 'Joan Cusack'
 'Evan Agos' 'Sky Alexis' 'Jaeden Bettencourt' 'Teddy Blum' 'Mila Brener'
 'Sydney Brower' 'Finn Carr' 'Kendall Joy Hall' 'Hailey Hermida'
 'Lexie Holland']"
180,181.0,Harry Potter and the Deathly Hallows: Part 2,https://www.imdb.com/title/tt1201607/,2011,Adventure,David Yates,8.1,"['Daniel Radcliffe' 'Emma Watson' 'Rupert Grint' 'Michael Gambon'
 'Ralph Fiennes' 'Alan Rickman' 'Evanna Lynch' 'Domhnall Gleeson'
 'Clemence Poesy' 'Warwick Davis' 'John Hurt' 'Helena Bonham Carter'
 'Graham Duff' 'Anthony Allgood' 'Rusty Goffe' 'Jon Key' 'Kelly Macdonald'
 'Jason Isaacs']"
181,182.0,On the Waterfront,https://www.imdb.com/title/tt0047296/,1954,Crime,Elia Kazan,8.1,"['Marlon Brando' 'Karl Malden' 'Lee J. Cobb' 'Rod Steiger' 'Pat Henning'
 'Leif Erickson' 'James Westerfield' 'Tony Galento' 'Tami Mauriello'
 'John F. Hamilton' 'John Heldabrand' 'Rudy Bond' 'Don Blackman'
 'Arthur Keegan' 'Abe Simon' 'Eva Marie Saint' 'Martin Balsam'
 'Dan Bergin']"
182,183.0,Ben-Hur,https://www.imdb.com/title/tt0052618/,1959,Adventure,William Wyler,8.1,"['Charlton Heston' 'Jack Hawkins' 'Stephen Boyd' 'Haya Harareet'
 'Hugh Griffith' 'Martha Scott' ""Cathy O'Donnell"" 'Sam Jaffe'
 'Finlay Currie' 'Frank Thring' 'Terence Longdon' 'George Relph'
 'Andre Morell' 'Nello Appodia' 'Fortunato Arena' 'Bruno Arie'
 'Les Ballets Africains' 'Emma Baron']"
183,184.0,Gone Girl,https://www.imdb.com/title/tt2267998/,2014,Drama,David Fincher,8.1,"['Ben Affleck' 'Rosamund Pike' 'Neil Patrick Harris' 'Tyler Perry'
 'Carrie Coon' 'Kim Dickens' 'Patrick Fugit' 'David Clennon' 'Lisa Banes'
 'Missi Pyle' 'Emily Ratajkowski' 'Casey Wilson' 'Lola Kirke'
 'Boyd Holbrook' 'Sela Ward' 'Lee Norris' 'Jamie McShane'
 'Leonard Kelly-Young']"
184,185.0,The Grand Budapest Hotel,https://www.imdb.com/title/tt2278388/,2014,Adventure,Wes Anderson,8.1,"['Ralph Fiennes' 'F. Murray Abraham' 'Mathieu Amalric' 'Adrien Brody'
 'Willem Dafoe' 'Jeff Goldblum' 'Harvey Keitel' 'Jude Law' 'Bill Murray'
 'Edward Norton' 'Saoirse Ronan' 'Jason Schwartzman' 'Lea Seydoux'
 'Tilda Swinton' 'Tom Wilkinson' 'Owen Wilson' 'Tony Revolori'
 'Larry Pine']"
185,186.0,Smultronstället,https://www.imdb.com/title/tt0050986/,1957,Drama,Ingmar Bergman,8.1,"['Victor Sjostrom' 'Bibi Andersson' 'Ingrid Thulin' 'Gunnar Bjornstrand'
 'Jullan Kindahl' 'Folke Sundquist' 'Bjorn Bjelfvenstam' 'Naima Wifstrand'
 'Gunnel Brostrom' 'Gertrud Fridh' 'Sif Ruud' 'Gunnar Sjoberg'
 'Max von Sydow' 'Ake Fridell' 'Yngve Nordwall' 'Per Sjostrand'
 'Gio Petre' 'Gunnel Lindblom']"
186,187.0,The General,https://www.imdb.com/title/tt0017925/,1926,Action,Clyde Bruckman,8.1,"['Buster Keaton' 'Marion Mack' 'Glen Cavender' 'Jim Farley'
 'Frederick Vroom' 'Frank Barnes' 'Charles Henry Smith' 'Joe Keaton'
 'Mike Donlin' 'Tom Nawn' 'Henry Baird' 'Joe Bricher' 'Jimmy Bryant'
 'Sergeant Bukowski' 'C.C. Cruson' 'Jack Dempster' 'Keith Fennell'
 'Budd Fine']"
187,188.0,The Third Man,https://www.imdb.com/title/tt0041959/,1949,Film-Noir,Carol Reed,8.1,"['Orson Welles' 'Joseph Cotten' 'Alida Valli' 'Trevor Howard'
 'Paul Horbiger' 'Ernst Deutsch' 'Erich Ponto' 'Siegfried Breuer'
 'Hedwig Bleibtreu' 'Bernard Lee' 'Wilfrid Hyde-White' 'Nelly Arno'
 'Jack Arrow' 'Harold Ayer' 'Harry Belcher' 'Leo Bieber' 'Paul Birch'
 'Martin Boddey']"
188,189.0,In the Name of the Father,https://www.imdb.com/title/tt0107207/,1993,Biography,Jim Sheridan,8.1,"['Daniel Day-Lewis' 'Pete Postlethwaite' 'Alison Crosbie' 'Philip King'
 'Emma Thompson' 'Nye Heron' 'Anthony Brophy' 'Frankie McCafferty'
 'Paul Warriner' 'Julian Walsh' 'Stuart Wolfenden' 'Jo Connor'
 'Karen Carlisle' 'Seamus Moran' 'Billy Byrne' 'Maureen McBride'
 'Jane Nolan' 'Laurence Griffin']"
189,190.0,The Deer Hunter,https://www.imdb.com/title/tt0077416/,1978,Drama,Michael Cimino,8.1,"['Robert De Niro' 'Christopher Walken' 'John Cazale' 'John Savage'
 'Meryl Streep' 'George Dzundza' 'Chuck Aspegren' 'Shirley Stoler'
 'Rutanya Alda' 'Pierre Segui' 'Mady Kaplan' 'Amy Wright'
 'Mary Ann Haenel' 'Richard Kuss' 'Joe Grifasi' 'Christopher Colombi Jr.'
 'Victoria Karnafel' 'Jack Scardino']"
190,191.0,Barry Lyndon,https://www.imdb.com/title/tt0072684/,1975,Adventure,Stanley Kubrick,8.1,"[""Ryan O'Neal"" 'Marisa Berenson' 'Patrick Magee' 'Hardy Kruger'
 'Steven Berkoff' 'Gay Hamilton' 'Marie Kean' 'Diana Korner'
 'Murray Melvin' 'Frank Middlemass' 'Andre Morell' ""Arthur O'Sullivan""
 'Godfrey Quigley' 'Leonard Rossiter' 'Philip Stone' 'Leon Vitali'
 'John Bindon' 'Roger Booth']"
191,192.0,Hacksaw Ridge,https://www.imdb.com/title/tt2119532/,2016,Biography,Mel Gibson,8.1,"['Andrew Garfield' 'Sam Worthington' 'Luke Bracey' 'Teresa Palmer'
 'Richard Pyros' 'Jacob Warner' 'Milo Gibson' 'Darcy Bryce'
 'Roman Guerriero' 'James Lugton' 'Kasia Stelmach' 'Hugo Weaving'
 'Rachel Griffiths' 'Jarin Towney' 'Tim McGarry' 'Tyler Coppin'
 'Richard Platt' 'Nathaniel Buzolic']"
192,193.0,Le Salaire De La Peur,https://www.imdb.com/title/tt0046268/,1953,Adventure,Henri-Georges Clouzot,8.2,"['Yves Montand' 'Charles Vanel' 'Peter van Eyck' 'Folco Lulli'
 'Vera Clouzot' 'William Tubbs' 'Dario Moreno' 'Jo Dest' 'Antonio Centa'
 'Luis De Lima' 'Gregoire Gromoff' 'Josep Palau i Fabre' 'Faustini'
 'Seguna' 'Darling Legitimus' 'Rene Baranger' 'Pat Hurst'
 'Evelio Larenagas']"
193,194.0,Salinui Chueok,https://www.imdb.com/title/tt0353969/,2003,Crime,Bong Joon Ho,8.1,"['Song Kang-ho' 'Kim Sang-kyung' 'Roe-ha Kim' 'Jae-ho Song'
 'Byun Hee-Bong' 'Seo-hie Ko' 'Tae-ho Ryu' 'No-shik Park' 'Park Hae-il'
 'Mi-seon Jeon' 'Young-hwa Seo' 'Woo Go-na' 'Ok-joo Lee' 'Jong-ryol Choi'
 'Seung-mok Yoo' 'Hun-Kyung Lee' 'Shin Hyun-jong' 'Jae-eung Lee']"
194,195.0,Sherlock Jr.,https://www.imdb.com/title/tt0015324/,1924,Action,Buster Keaton,8.2,"['Buster Keaton' 'Kathryn McGuire' 'Joe Keaton' 'Erwin Connelly'
 'Ward Crane' 'Jane Connelly' 'George Davis' 'Doris Deane'
 'Christine Francis' 'Betsy Ann Hisle' 'Kewpie Morgan' 'Steve Murphy'
 'John Patrick' 'Ford West']"
195,196.0,Relatos Salvajes,https://www.imdb.com/title/tt3011894/,2014,Comedy,Damián Szifron,8.1,"['Dario Grandinetti' 'Maria Marull' 'Monica Villa' 'Diego Starosta'
 'Marcelo Frasca' 'Lucila Mangone' 'Maria Laura Caccamo'
 'Carlos Alberto Vavassori' 'Pablo Machado' 'Horacio Vay'
 'Javier Pedersoli' 'Hector Drachtman' 'Maria Rosa Lopez Ottonello'
 'Rita Cortese' 'Julieta Zylberberg' 'Cesar Bordon' 'Juan Santiago Linari'
 'Leonardo Sbaraglia']"
196,197.0,Mr. Smith Goes to Washington,https://www.imdb.com/title/tt0031679/,1939,Comedy,Frank Capra,8.1,"['James Stewart' 'Jean Arthur' 'Claude Rains' 'Edward Arnold' 'Guy Kibbee'
 'Thomas Mitchell' 'Eugene Pallette' 'Beulah Bondi' 'H.B. Warner'
 'Harry Carey' 'Astrid Allwyn' 'Ruth Donnelly' 'Grant Mitchell'
 'Porter Hall' 'H.V. Kaltenborn' 'Charles Lane' 'Pierre Watkin'
 'Dick Elliott']"
197,198.0,Mad Max: Fury Road,https://www.imdb.com/title/tt1392190/,2015,Action,George Miller,8.1,"['Tom Hardy' 'Charlize Theron' 'Nicholas Hoult' 'Zoe Kravitz'
 'Hugh Keays-Byrne' 'Josh Helman' 'Nathan Jones'
 'Rosie Huntington-Whiteley' 'Riley Keough' 'Abbey Lee' 'Courtney Eaton'
 'John Howard' 'Richard Carter' 'Iota' 'Angus Sampson' 'Jennifer Hagan'
 'Megan Gale' 'Melissa Jaffer']"
198,199.0,Det Sjunde Inseglet,https://www.imdb.com/title/tt0050976/,1957,Drama,Ingmar Bergman,8.1,"['Max von Sydow' 'Gunnar Bjornstrand' 'Bengt Ekerot' 'Nils Poppe'
 'Bibi Andersson' 'Inga Gill' 'Maud Hansson' 'Inga Landgre'
 'Gunnel Lindblom' 'Bertil Anderberg' 'Anders Ek' 'Ake Fridell'
 'Gunnar Olsson' 'Erik Strandmark' 'Siv Aleros' 'Sten Ardenstam'
 'Harry Asklund' 'Benkt-Ake Benktsson']"
199,200.0,Mary and Max,https://www.imdb.com/title/tt0978762/,2009,Animation,Adam Elliot,8.1,"['Toni Collette' 'Philip Seymour Hoffman' 'Eric Bana' 'Barry Humphries'
 'Christopher Massey' 'Oliver Marks' 'Daisy Kocher' 'Daniel Marks'
 'Hamish Hughes' 'Dan Doherty' 'Julie Forsyth' 'Mandy Mao'
 'Patrick McCabe' 'Adam Elliot' 'Mr. Peck' 'Michael James Allen'
 'Bill Murphy' 'Shaun Patten']"
200,201.0,How to Train Your Dragon,https://www.imdb.com/title/tt0892769/,2010,Animation,Dean DeBlois,8.1,"['Jay Baruchel' 'Gerard Butler' 'Christopher Mintz-Plasse'
 'Craig Ferguson' 'America Ferrera' 'Jonah Hill' 'T.J. Miller'
 'Kristen Wiig' 'Robin Atkin Downes' 'Philip McGrade' 'Kieron Elliott'
 'Ashley Jensen' 'David Tennant']"
201,202.0,Room,https://www.imdb.com/title/tt3170832/,2015,Drama,Lenny Abrahamson,8.1,"['Brie Larson' 'Jacob Tremblay' 'Sean Bridgers' 'Wendy Crewson'
 'Sandy McMaster' 'Matt Gordon' 'Amanda Brugel' 'Joe Pingue' 'Joan Allen'
 'Zarrin Darnell-Martin' 'Cas Anvar' 'William H. Macy' 'Jee-Yun Lee'
 'Randal Edwards' 'Justin Mader' 'Ola Sturik' 'Rodrigo Fernandez-Stoll'
 ""Rory O'Shea""]"
202,203.0,"Monsters, Inc.",https://www.imdb.com/title/tt0198781/,2001,Animation,Pete Docter,8.1,"['Billy Crystal' 'John Goodman' 'Mary Gibbs' 'Steve Buscemi'
 'James Coburn' 'Jennifer Tilly' 'Bob Peterson' 'John Ratzenberger'
 'Frank Oz' 'Daniel Gerson' 'Steve Susskind' 'Bonnie Hunt' 'Jeff Pidgeon'
 'Samuel Lord Black' 'Jack Angel' 'Bob Bergen' 'Rodger Bumpass'
 'Gino Conforti']"
203,204.0,Jaws,https://www.imdb.com/title/tt0073195/,1975,Adventure,Steven Spielberg,8.1,"['Roy Scheider' 'Robert Shaw' 'Richard Dreyfuss' 'Lorraine Gary'
 'Murray Hamilton' 'Carl Gottlieb' 'Jeffrey Kramer' 'Susan Backlinie'
 'Jonathan Filley' 'Ted Grossman' 'Chris Rebello' 'Jay Mello' 'Lee Fierro'
 'Jeffrey Voorhees' 'Craig Kingsbury' 'Robert Nevin' 'Peter Benchley'
 'Jonathan Searle']"
204,205.0,The Big Lebowski,https://www.imdb.com/title/tt0118715/,1998,Comedy,Joel Coen,8.1,"['Jeff Bridges' 'John Goodman' 'Julianne Moore' 'Steve Buscemi'
 'David Huddleston' 'Philip Seymour Hoffman' 'Tara Reid' 'Philip Moon'
 'Mark Pellegrino' 'Peter Stormare' 'Flea' 'Torsten Voges'
 'Jimmie Dale Gilmore' 'Jack Kehler' 'John Turturro' 'James G. Hoosier'
 'Carlos Leon' 'Terrence Burton']"
205,206.0,Dead Poets Society,https://www.imdb.com/title/tt0097165/,1989,Comedy,Peter Weir,8.1,"['Robin Williams' 'Robert Sean Leonard' 'Ethan Hawke' 'Josh Charles'
 'Gale Hansen' 'Dylan Kussman' 'Allelon Ruggiero' 'James Waterston'
 'Norman Lloyd' 'Kurtwood Smith' 'Carla Belver' 'Leon Pownall'
 'George Martin' 'Joe Aufiery' 'Matt Carey' 'Kevin Cooney' 'Jane Moore'
 'Lara Flynn Boyle']"
206,207.0,Tokyo Story,https://www.imdb.com/title/tt0046438/,1953,Drama,Yasujirô Ozu,8.2,"['Chishu Ryu' 'Chieko Higashiyama' 'So Yamamura' 'Setsuko Hara'
 'Haruko Sugimura' 'Kuniko Miyake' 'Kyoko Kagawa' 'Eijiro Tono'
 'Nobuo Nakamura' 'Shiro Osaka' 'Hisao Toake' 'Teruko Nagaoka'
 'Mutsuko Sakura' 'Toyo Takahashi' 'Toru Abe' 'Sachiko Mitani'
 'Zen Murase' 'Mitsuhiro Mori']"
207,208.0,La passion de Jeanne d'Arc,https://www.imdb.com/title/tt0019254/,1928,Biography,Carl Theodor Dreyer,8.2,"['Maria Falconetti' 'Eugene Silvain' 'Andre Berley' 'Maurice Schutz'
 'Antonin Artaud' 'Michel Simon' ""Jean d'Yd"" 'Louis Ravet'
 'Armand Lurville' 'Jacques Arnna' 'Alexandre Mihalesco' 'Leon Larive'
 'Jean Ayme' 'Camille Bardou' 'Gilbert Dacheux' 'Gilbert Dalleu'
 'Paul Delauzac' 'Dimitri Dimitriev']"
208,209.0,Hotel Rwanda,https://www.imdb.com/title/tt0395169/,2004,Biography,Terry George,8.1,"['Don Cheadle' 'Sophie Okonedo' 'Joaquin Phoenix' 'Xolani Mali'
 'Desmond Dube' 'Hakeem Kae-Kazim' 'Tony Kgoroge' 'Rosie Motene'
 'Neil McCarthy' ""Mabutho 'Kid' Sithole"" 'Nick Nolte' 'Fana Mokoena'
 'Jeremiah Ndlovu' 'Lebo Mashile' 'Antonio David Lyons' 'Leleti Khumalo'
 'Kgomotso Seitshohlo' 'Lerato Mokgotho']"
209,210.0,Ford v. Ferrari,https://www.imdb.com/title/tt1950186/,2019,Action,James Mangold,8.1,"['Matt Damon' 'Christian Bale' 'Jon Bernthal' 'Caitriona Balfe'
 'Josh Lucas' 'Noah Jupe' 'Tracy Letts' 'Remo Girone' 'Ray McKinnon'
 'JJ Feild' 'Jack McMullen' 'Corrado Invernizzi' 'Joe Williamson'
 'Ian Harding' 'Christopher Darga' 'Shawn Law' 'Emil Beheshti'
 'Darrin Prescott']"
210,211.0,Rocky,https://www.imdb.com/title/tt0075148/,1976,Drama,John G. Avildsen,8.1,"['Sylvester Stallone' 'Talia Shire' 'Burt Young' 'Carl Weathers'
 'Burgess Meredith' 'Thayer David' 'Joe Spinell' 'Jimmy Gambina'
 'Bill Baldwin' 'Al Silvani' 'George Memmoli' 'Jodi Letizia' 'Diana Lewis'
 ""George O'Hanlon"" 'Larry Carroll' 'Stan Shaw' 'Don Sherman' 'Billy Sands']"
211,212.0,Platoon,https://www.imdb.com/title/tt0091763/,1986,Drama,Oliver Stone,8.1,"['Charlie Sheen' 'Tom Berenger' 'Willem Dafoe' 'Keith David'
 'Forest Whitaker' 'Francesco Quinn' 'Kevin Dillon' 'John C. McGinley'
 'Reggie Johnson' 'Mark Moses' 'Corey Glover' 'Johnny Depp'
 'Chris Pedersen' 'Bob Orwig' 'Corkey Ford' 'David Neidorf'
 'Richard Edson' 'Tony Todd']"
212,213.0,Ratatouille,https://www.imdb.com/title/tt0382932/,2007,Animation,Brad Bird,8.1,"['Brad Garrett' 'Lou Romano' 'Patton Oswalt' 'Ian Holm' 'Brian Dennehy'
 'Peter Sohn' ""Peter O'Toole"" 'Janeane Garofalo' 'Will Arnett'
 'Julius Callahan' 'James Remar' 'John Ratzenberger' 'Teddy Newton'
 'Tony Fucile' 'Jake Steinfeld' 'Brad Bird' 'Stephane Roux' 'Jack Bird']"
213,214.0,Spotlight,https://www.imdb.com/title/tt1895587/,2015,Biography,Tom McCarthy,8.1,"['Mark Ruffalo' 'Michael Keaton' 'Rachel McAdams' 'Liev Schreiber'
 'John Slattery' ""Brian d'Arcy James"" 'Stanley Tucci' 'Elena Wohl'
 'Gene Amoroso' 'Doug Murray' 'Sharon McFarlane' 'Jamey Sheridan'
 'Neal Huff' 'Billy Crudup' 'Robert B. Kennedy' 'Duane Murray'
 'Brian Chamberlain' 'Michael Cyril Creighton']"
214,215.0,The Terminator,https://www.imdb.com/title/tt0088247/,1984,Action,James Cameron,8.1,"['Arnold Schwarzenegger' 'Linda Hamilton' 'Michael Biehn' 'Paul Winfield'
 'Lance Henriksen' 'Rick Rossovich' 'Bess Motta' 'Earl Boen' 'Dick Miller'
 'Shawn Schepps' 'Bruce M. Kerner' 'Franco Columbu' 'Bill Paxton'
 'Brad Rearden' 'Brian Thompson' 'William Wisher' 'Ken Fritz'
 'Tom Oberhaus']"
215,216.0,Logan,https://www.imdb.com/title/tt3315342/,2017,Action,James Mangold,8.1,"['Hugh Jackman' 'Patrick Stewart' 'Dafne Keen' 'Boyd Holbrook'
 'Stephen Merchant' 'Elizabeth Rodriguez' 'Richard E. Grant'
 'Eriq La Salle' 'Elise Neal' 'Quincy Fouse' 'Al Coronel' 'Frank Gallegos'
 'Anthony Escobar' 'Reynaldo Gallegos' 'Krzysztof Soszynski'
 'Stephen Dunlevy' 'Daniel Bernhardt' 'Ryan Sturz']"
216,217.0,Stand by Me,https://www.imdb.com/title/tt0092005/,1986,Adventure,Rob Reiner,8.1,"['Wil Wheaton' 'River Phoenix' 'Corey Feldman' ""Jerry O'Connell""
 'Kiefer Sutherland' 'Casey Siemaszko' 'Gary Riley' 'Bradley Gregg'
 'Jason Oliver Lipsett' 'Marshall Bell' 'Frances Lee McCain' 'Bruce Kirby'
 'William Bronder' 'Scott Beach' 'Richard Dreyfuss' 'John Cusack'
 'Madeleine Swift' 'Popeye']"
217,218.0,Rush,https://www.imdb.com/title/tt1979320/,2013,Action,Ron Howard,8.1,"['Daniel Bruhl' 'Chris Hemsworth' 'Olivia Wilde' 'Alexandra Maria Lara'
 'Pierfrancesco Favino' 'David Calder' 'Natalie Dormer' 'Stephen Mangan'
 'Christian McKay' 'Alistair Petrie' 'Julian Rhind-Tutt' 'Colin Stinton'
 'Jamie de Courcey' 'Augusto Dallara' 'Ilario Calvo' 'Patrick Baladi'
 'Vincent Riotta' 'Martin Savage']"
218,219.0,Network,https://www.imdb.com/title/tt0074958/,1976,Drama,Sidney Lumet,8.1,"['Faye Dunaway' 'William Holden' 'Peter Finch' 'Robert Duvall'
 'Wesley Addy' 'Ned Beatty' 'Arthur Burghardt' 'Bill Burrows'
 'John Carpenter' 'Jordan Charney' 'Kathy Cronkite' 'Ed Crowley'
 'Jerome Dempsey' 'Conchata Ferrell' 'Gene Gross' 'Stanley Grover'
 'Cindy Grover' 'Darryl Hickman']"
219,220.0,Into the Wild,https://www.imdb.com/title/tt0758758/,2007,Adventure,Sean Penn,8.1,"['Emile Hirsch' 'Vince Vaughn' 'Catherine Keener' 'Marcia Gay Harden'
 'William Hurt' 'Jena Malone' 'Brian H. Dierker' 'Kristen Stewart'
 'Hal Holbrook' 'Jim Gallien' ""James O'Neill"" 'Malinda McCollum'
 'Paul Knauls' 'Zach Galifianakis' 'Craig Mutsch' 'Jim Beidler'
 'John Decker' 'John Hofer']"
220,221.0,Before Sunset,https://www.imdb.com/title/tt0381681/,2004,Drama,Richard Linklater,8.1,"['Ethan Hawke' 'Julie Delpy' 'Vernon Dobtcheff' 'Louise Lemoine Torres'
 'Rodolphe Pauly' 'Mariane Plasteig' 'Diabolo' 'Denis Evrard'
 'Albert Delpy' 'Marie Pillet']"
221,222.0,The Wizard of Oz,https://www.imdb.com/title/tt0032138/,1939,Adventure,Victor Fleming,8.1,"['Judy Garland' 'Frank Morgan' 'Ray Bolger' 'Bert Lahr' 'Jack Haley'
 'Billie Burke' 'Margaret Hamilton' 'Charley Grapewin' 'Pat Walshe'
 'Clara Blandick' 'Terry' 'The Singer Midgets' 'Franz Balluck'
 'Josefine Balluck' 'Dorothy Barrett' 'Amelia Batchelor' 'Charles Becker'
 'Freda Betsky']"
222,223.0,Pather Panchali,https://www.imdb.com/title/tt0048473/,1955,Drama,Satyajit Ray,8.3,"['Kanu Bannerjee' 'Karuna Bannerjee' 'Subir Banerjee' 'Chunibala Devi'
 'Uma Das Gupta' 'Runki Banerjee' 'Reba Devi' 'Aparna Devi'
 'Tulsi Chakraborty' 'Haren Banerjee' 'Rampada Das' 'Nibhanani Devi'
 'Rama Gangopadhaya' 'Roma Ganguli' 'Binoy Mukherjee' 'Haridhan Nag'
 'Harimohan Nag' 'Kshirod Roy']"
223,224.0,Groundhog Day,https://www.imdb.com/title/tt0107048/,1993,Comedy,Harold Ramis,8.1,"['Bill Murray' 'Andie MacDowell' 'Chris Elliott' 'Stephen Tobolowsky'
 'Brian Doyle-Murray' 'Marita Geraghty' 'Angela Paton' 'Rick Ducommun'
 'Rick Overton' 'Robin Duke' 'Carol Bivins' 'Willie Garson'
 'Ken Hudson Campbell' 'Les Podewell' 'Rod Sell' 'Tom Milanovich'
 'John M. Watson Sr.' 'Peggy Roeder']"
224,225.0,The Best Years of Our Lives,https://www.imdb.com/title/tt0036868/,1946,Drama,William Wyler,8.1,"['Myrna Loy' 'Dana Andrews' 'Fredric March' 'Teresa Wright'
 'Virginia Mayo' ""Cathy O'Donnell"" 'Hoagy Carmichael' 'Harold Russell'
 'Gladys George' 'Roman Bohnen' 'Ray Collins' 'Minna Gombell'
 'Walter Baldwin' 'Steve Cochran' 'Dorothy Adams' 'Don Beddoe'
 'Marlene Aames' 'Charles Halton']"
225,226.0,The Exorcist,https://www.imdb.com/title/tt0070047/,1973,Horror,William Friedkin,8.1,"['Ellen Burstyn' 'Max von Sydow' 'Linda Blair' 'Lee J. Cobb' 'Kitty Winn'
 'Jack MacGowran' 'Jason Miller' ""William O'Malley"" 'Barton Heyman'
 'Peter Masterson' 'Rudolf Schundler' 'Gina Petrushka' 'Robert Symonds'
 'Arthur Storch' 'Thomas Bermingham' 'Vasiliki Maliaros' 'Titos Vandis'
 'John Mahon']"
226,227.0,The Incredibles,https://www.imdb.com/title/tt0317705/,2004,Animation,Brad Bird,8.0,"['Craig T. Nelson' 'Samuel L. Jackson' 'Holly Hunter' 'Jason Lee'
 'Dominique Louis' 'Teddy Newton' 'Jean Sincere' 'Eli Fucile'
 'Maeve Andrews' 'Wallace Shawn' 'Spencer Fox' 'Lou Romano' 'Wayne Canney'
 'Sarah Vowell' 'Michael Bird' 'Elizabeth Pena' 'Bud Luckey' 'Brad Bird']"
227,228.0,To Be or Not to Be,https://www.imdb.com/title/tt0035446/,1942,Comedy,Ernst Lubitsch,8.2,"['Carole Lombard' 'Jack Benny' 'Robert Stack' 'Felix Bressart'
 'Lionel Atwill' 'Stanley Ridges' 'Sig Ruman' 'Tom Dugan' 'Charles Halton'
 'George Lynn' 'Henry Victor' 'Maude Eburne' 'Halliwell Hobbes'
 'Miles Mander' 'Rudolph Anders' 'Paul Barrett' 'Sven Hugo Borg'
 'Danny Borzage']"
228,229.0,La haine,https://www.imdb.com/title/tt0113247/,1995,Crime,Mathieu Kassovitz,8.1,"['Vincent Cassel' 'Hubert Kounde' 'Said Taghmaoui' 'Abdel Ahmed Ghili'
 'Solo' 'Joseph Momo' 'Heloise Rauth' 'Rywka Wajsbrot' 'Olga Abrego'
 'Laurent Labasse' 'Choukri Gabteni' 'Nabil Ben Mhamed' 'Benoit Magimel'
 'Medard Niang' 'Arash Mansour' 'Abdel-Moulah Boujdouni' 'Mathilde Vitry'
 'Christian Moro']"
229,230.0,La battaglia di Algeri,https://www.imdb.com/title/tt0058946/,1966,Drama,Gillo Pontecorvo,8.1,"['Brahim Hadjadj' 'Jean Martin' 'Yacef Saadi' 'Samia Kerbash'
 'Ugo Paletti' 'Fusia El Kader' 'Mohamed Ben Kassen' 'Franco Moruzzi'
 'Tommaso Neri' 'Rouiched' 'Gene Wesson']"
230,231.0,Pirates of the Caribbean: The Curse of the Black Pearl,https://www.imdb.com/title/tt0325980/,2003,Action,Gore Verbinski,8.1,"['Johnny Depp' 'Geoffrey Rush' 'Orlando Bloom' 'Keira Knightley'
 'Jack Davenport' 'Jonathan Pryce' 'Lee Arenberg' 'Mackenzie Crook'
 ""Damian O'Hare"" 'Giles New' 'Angus Barnett' 'David Bailie'
 'Michael Berry Jr.' 'Isaac C. Singleton Jr.' 'Kevin McNally'
 'Treva Etienne' 'Zoe Saldana' 'Guy Siner']"
231,232.0,Hachi: A Dog's Tale,https://www.imdb.com/title/tt1028532/,2009,Biography,Lasse Hallström,8.1,"['Richard Gere' 'Joan Allen' 'Cary-Hiroyuki Tagawa' 'Sarah Roemer'
 'Jason Alexander' 'Erick Avari' 'Davenia McFadden' 'Robbie Sublett'
 'Kevin DeCoste' 'Rob Degnan' 'Tora Hallstrom' 'Donna Sorbello'
 'Frank S. Aronson' 'Troy Doherty' 'Ian Sherman' 'Timothy Crowe'
 'Denece Ryland' 'Blake Friedman']"
232,233.0,The Grapes of Wrath,https://www.imdb.com/title/tt0032551/,1940,Drama,John Ford,8.1,"['Henry Fonda' 'Jane Darwell' 'John Carradine' 'Charley Grapewin'
 'Dorris Bowdon' 'Russell Simpson' 'O.Z. Whitehead' 'John Qualen'
 'Eddie Quillan' 'Zeffie Tilbury' 'Frank Sully' 'Frank Darien'
 'Darryl Hickman' 'Shirley Mills' 'Roger Imhof' 'Grant Mitchell'
 'Charles D. Brown' 'John Arledge']"
233,234.0,Babam Ve Oglum,https://www.imdb.com/title/tt0476735/,2005,Drama,Çagan Irmak,8.2,"['Cetin Tekindor' 'Fikret Kuskan' 'Humeyra' 'Ege Tanman' 'Serif Sezer'
 'Yetkin Dikinciler' 'Binnur Kaya' 'Mahmut Gokgoz' 'Nergis Corakci'
 'Bilge Sen' 'Tuba Buyukustun' 'Ozge Ozberk' 'Erdal Tosun' 'Halit Ergenc'
 'Tugyan Akay Kavukcu' 'Ege Kaya' 'Muzaffer Demirel' 'Burak Akcakaya']"
234,235.0,Jai Bhim,https://www.imdb.com/title/tt15097216/,2021,Crime,T.J. Gnanavel,8.8,"['Suriya' 'Lijo Mol Jose' 'Manikandan K.' 'Rajisha Vijayan' 'Prakash Raj'
 'Rao Ramesh' 'Guru Somasundaram' 'M.S. Bhaskar' 'V. Jayaprakash'
 'Sibi Thomas' 'Ilavarasu' 'Jayarao' 'Sujatha Sivakumar'
 'Ravi Venkatraman' 'Tamizh' 'Kumaravel' 'Supergood Subramani'
 'Bala Hasan']"
235,236.0,Amores perros,https://www.imdb.com/title/tt0245712/,2000,Drama,Alejandro G. Iñárritu,8.1,"['Emilio Echevarria' 'Gael Garcia Bernal' 'Goya Toledo' 'Alvaro Guerrero'
 'Vanessa Bauche' 'Jorge Salinas' 'Marco Perez' 'Rodrigo Murray'
 'Humberto Busto' 'Gerardo Campbell' 'Rosa Maria Bianchi' 'Dunia Saldivar'
 'Adriana Barraza' 'Jose Sefami' 'Lourdes Echevarria' 'Laura Almela'
 'Ricardo Dalmacci' 'Gustavo Sanchez Parra']"
236,237.0,Rebecca,https://www.imdb.com/title/tt0032976/,1940,Drama,Alfred Hitchcock,8.1,"['Laurence Olivier' 'Joan Fontaine' 'George Sanders' 'Judith Anderson'
 'Nigel Bruce' 'Reginald Denny' 'C. Aubrey Smith' 'Gladys Cooper'
 'Florence Bates' 'Melville Cooper' 'Leo G. Carroll' 'Leonard Carey'
 'Lumsden Hare' 'Edward Fielding' 'Philip Winter' 'Forrester Harvey'
 'Bunny Beatty' 'Billy Bevan']"
237,238.0,Cool Hand Luke,https://www.imdb.com/title/tt0061512/,1967,Crime,Stuart Rosenberg,8.1,"['Paul Newman' 'George Kennedy' 'Strother Martin' 'J.D. Cannon'
 'Lou Antonio' 'Robert Drivas' 'Jo Van Fleet' 'Clifton James'
 'Morgan Woodward' 'Luke Askew' 'Marc Cavell' 'Richard Davalos'
 'Robert Donner' 'Warren Finnerty' 'Dennis Hopper' 'John McLiam'
 'Wayne Rogers' 'Harry Dean Stanton']"
238,239.0,Ah-ga-ssi,https://www.imdb.com/title/tt4016934/,2016,Drama,Park Chan-wook,8.1,"['Kim Min-hee' 'Ha Jung-woo' 'Cho Jin-woong' 'Moon So-ri' 'Kim Tae-ri'
 'Yong-nyeo Lee' 'Min-chae Yoo' 'Dong-hwi Lee' 'Kim Hae-sook'
 'Kyu-jung Lee' 'Si-eun Kim' 'Si-yeon Ha' 'Rina Takagi' 'Geun-hee Won'
 'Jong-Dae Kim' 'Han-sun Jang' 'Eun-yeong Kim' 'Ri-woo Kim']"
239,240.0,The 400 Blows,https://www.imdb.com/title/tt0053198/,1959,Crime,François Truffaut,8.1,"['Jean-Pierre Leaud' 'Albert Remy' 'Claire Maurier' 'Guy Decomble'
 'Georges Flamant' 'Patrick Auffay' 'Daniel Couturier' 'Francois Nocher'
 'Richard Kanayan' 'Renaud Fontanarosa' 'Michel Girard' 'Serge Moati'
 'Bernard Abbou' 'Jean-Francois Bergouignan' 'Michel Lesignor'
 'Luc Andrieux' 'Robert Beauvais' 'Bouchon']"
240,241.0,The Sound of Music,https://www.imdb.com/title/tt0059742/,1965,Biography,Robert Wise,8.1,"['Julie Andrews' 'Christopher Plummer' 'Eleanor Parker' 'Richard Haydn'
 'Peggy Wood' 'Charmian Carr' 'Heather Menzies-Urich' 'Nicholas Hammond'
 'Duane Chase' 'Angela Cartwright' 'Debbie Turner' 'Kym Karath' 'Anna Lee'
 'Portia Nelson' 'Ben Wright' 'Daniel Truhitte' 'Norma Varden'
 'Gilchrist Stuart']"
241,242.0,It Happened One Night,https://www.imdb.com/title/tt0025316/,1934,Comedy,Frank Capra,8.1,"['Clark Gable' 'Claudette Colbert' 'Walter Connolly' 'Roscoe Karns'
 'Jameson Thomas' 'Alan Hale' 'Arthur Hoyt' 'Blanche Friderici'
 'Charles C. Wilson' 'Ernie Adams' 'Jessie Arnold' 'Irving Bacon'
 'William Bailey' 'William Begg' 'William A. Boardway' 'Ward Bond'
 'Harry C. Bradley' 'George P. Breakston']"
242,243.0,Persona,https://www.imdb.com/title/tt0060827/,1966,Drama,Ingmar Bergman,8.1,"['Bibi Andersson' 'Liv Ullmann' 'Margaretha Krook' 'Gunnar Bjornstrand'
 'Jorgen Lindstrom']"
243,244.0,Life of Brian,https://www.imdb.com/title/tt0079470/,1979,Comedy,Terry Jones,8.0,"['Graham Chapman' 'John Cleese' 'Michael Palin' 'Terry Gilliam'
 'Eric Idle' 'Terry Jones' 'Terence Bayler' 'Carol Cleveland'
 'Kenneth Colley' 'Neil Innes' 'Charles McKeown' 'John Young'
 'Gwen Taylor' 'Sue Jones-Davies' 'Peter Brett' 'John Case'
 'Chris Langham' 'Andrew MacLachlan']"
244,245.0,The Iron Giant,https://www.imdb.com/title/tt0129167/,1999,Animation,Brad Bird,8.1,"['Eli Marienthal' 'Harry Connick Jr.' 'Jennifer Aniston' 'Vin Diesel'
 'James Gammon' 'Cloris Leachman' 'Christopher McDonald' 'John Mahoney'
 'M. Emmet Walsh' 'Jack Angel' 'Bob Bergen' 'Mary Kay Bergman'
 'Michael Bird' 'Devon Cole Borisoff' 'Rodger Bumpass' 'Robert Clotworthy'
 'Jennifer Darling' 'Zack Eginton']"
245,246.0,The Help,https://www.imdb.com/title/tt1454029/,2011,Drama,Tate Taylor,8.1,"['Viola Davis' 'Emma Stone' 'Octavia Spencer' 'Bryce Dallas Howard'
 'Jessica Chastain' ""Ahna O'Reilly"" 'Allison Janney' 'Anna Camp'
 'Eleanor Henry' 'Emma Henry' 'Christopher Lowell' 'Cicely Tyson'
 'Mike Vogel' 'Sissy Spacek' 'Brian Kerwin' 'Wes Chatham' 'Aunjanue Ellis'
 'Ted Welch']"
246,247.0,Dersu Uzala,https://www.imdb.com/title/tt0071411/,1975,Adventure,Akira Kurosawa,8.2,"['Maksim Munzuk' 'Yuriy Solomin' 'Mikhail Bychkov' 'Vladimir Khrulyov'
 'V. Lastochkin' 'Stanislav Marin' 'Igor Sykhra' 'Vladimir Sergiyakov'
 'Yanis Yakobsons' 'Vladimir Khlestov' 'G. Polunin' 'V. Koldin' 'M. Tetov'
 'S. Sinyavskiy' 'Vladimir Sverba' 'V. Ignatov' 'Vladimir Kremena'
 'Aleksandr Pyatkov']"
247,248.0,Aladdin,https://www.imdb.com/title/tt0103639/,1992,Animation,Ron Clements,8.0,"['Scott Weinger' 'Robin Williams' 'Linda Larkin' 'Jonathan Freeman'
 'Frank Welker' 'Gilbert Gottfried' 'Douglas Seale' 'Charlie Adler'
 'Jack Angel' 'Corey Burton' 'Philip L. Clarke' 'Jim Cummings'
 'Jennifer Darling' 'Debi Derryberry' 'Bruce Gooch' 'Jerry Houser'
 'Vera Lockwood' 'Sherry Lynn']"
248,249.0,Gandhi,https://www.imdb.com/title/tt0083987/,1982,Biography,Richard Attenborough,8.0,"['Ben Kingsley' 'John Gielgud' 'Rohini Hattangadi' 'Roshan Seth'
 'Candice Bergen' 'Edward Fox' 'Trevor Howard' 'John Mills' 'Martin Sheen'
 'Ian Charleson' 'Gunther Maria Halmer' 'Athol Fugard' 'Saeed Jaffrey'
 'Geraldine James' 'Alyque Padamsee' 'Amrish Puri' 'Ian Bannen'
 'Michael Bryant']"
249,250.0,Dances with Wolves,https://www.imdb.com/title/tt0099348/,1990,Adventure,Kevin Costner,8.0,"['Kevin Costner' 'Mary McDonnell' 'Graham Greene' 'Rodney A. Grant'
 ""Floyd 'Red Crow' Westerman"" 'Tantoo Cardinal' 'Robert Pastorelli'
 'Charles Rocket' 'Maury Chaykin' 'Jimmy Herman'
 'Nathan Lee Chasing His Horse' 'Michael Spears' 'Jason R. Lone Hill'
 'Tony Pierce' 'Doris Leader Charge' 'Tom Everett' 'Larry Joshua'
 'Kirk Baltz']"
